russian,zilo,gender,abs.pl,obl.sg,obl.pl,loc,GA,aor_perf,imp
белый,гьацIа,,,,,,,,
борода,мигажу,"р, р",мигажобил,мигажулIи,мигажобалIи,мигажулIи,,,
брат,воцци,"в, в",воццул,воццув,воццулуво,воццуъа,,,
бровь,энсиб,"б, б",энсибол,энсибулIи,энсибалIи,энсибуъа,,,
вилка,цIумур,"б, б",цIумурдул,цIумурулIи,цIумурдалIи,цIумуруъа,,,
вода,лъен,р,,лъенлIи,,лъенъа,,,
волк,боцIо,"б, й",боцIол,боцIулIи,боцIалIи,боцIуъа,,,
вчера,суни,,,,,,,,
высокий,бехула,,,,,,"вехула, йехулол",,
глаз,гьаркIу,"б, б",гьаркIобил,гьаркIулолIи,гьаркIобалIи,гьаркIулоъа,,,
год,решин,"р, р",решимол,решинлIи,решималIол,решинъа,,,
грудь,абур,"б, б",абурдул,абурдолIи,абурдалIи,абурдуъа,,,
дерево,реша,"р, р",решобил,решулIи,решобалIи,решуъа,,,
дочь,йоши,"й, й",йошибол,йошулIи,йошибалIи,йошуъа,,,
железо,ккуб,б,,ккубиллIи,,ккубилъа,,,
желтый,чакку,,,,,,,,
зеленый,хвечи,,,,,,,,
зеркало,матIу,"р, р",матIодул,матIулIи,матIудолIи,матIудоъа,,,
змея,берка,"б, й",беркол,беркулIи,беркалIи,беркаъа,,,
зола,кье,б,,кьелIи,,кьелIи,,,
золото,мисиди,б,,мисидулIи,,,,,
камень,гьиᵸнцIо,"б, б",гьиᵸнцIобил,гьиᵸнцIоллIи,гьиᵸнцIобалIи,гьиᵸнцIолъа,,,
кобыла,ича,"б, й",ичил,ичулIи,ичилIи,ичуъа,,,
коса,ничо,"б, б",ничодул,ничолIи,"ничобалIи, ничолIи",ничоъа,,,
курица,"уᵸъецу, уᵸйецу, уᵸвецу","б, й","уᵸъецобил, уᵸйецобил, уᵸвецобил","уᵸъецулIи, уᵸйецулIи, уᵸвецулIи","уᵸъецобалIи, уᵸйецобалIи, уᵸвецобалIи,","уᵸъецуъа, уᵸйецуъа, уᵸвецуъа",,,
лягушка,къурру,"б, й",къуррол,къурролIи,къурралIи,къурроъа,,,
мать,баба,"й, й",бабалал,бабалIи,бабалIол,бабаъа,,,
мать,ила,"й, й",илобил,илулIи,илубалIи,,,,
мука,эншур,р,,эншурлIи,,эншуръа,,,
мясо,рикьи,"р, р",рикьил,рикьилIи,рикьилилIи,рикьиъа,,,
небо,решин,"р, р",решимол,решинолIи,решималIи,решиноъа,,,
новый,цIиᵸву,,,,,,цIиᵸв йоши,,
нож,бесун,"б, б",бесумол,бесунолIи,бесумалIи,бесуноъа,,,
окно,ингур,"б, б",ингурдол,ингурулIи,ингордалIи,ингоруъа,,,
отец,дада,"в, в",дадалал,дадав,дадалав,дадаъа,,,
отец,има,"в, в",имадул,имув,имадав,имуъа,,,
очень,золо,,,,,,,,
очень,тIулу,,,,,,,,
палец,цIцIекIа,"б, б",цIцIекIобил,цIцIекIулIи,цIцIекIобалIи,цIцIекIуъа,,,
пила,хъухъадир,"б, б",хъухъадирол,хъухъадирулIи,хъухъадиролIол,,,,
птица,щекиб,"б, й",щекибол,щекиболIи,щекиболилIол,,,,
пчела,пера,"б, й",пердул,перулIи,пердалIол,,,,
пшеница,къири,б,,къирилIи,,,,,
река,инхи,"р, р",инхибол,инхулIи,инхобалIи,инхиъа,,,
рыба,хвами,"б, й",хвамил,хвамиллIи,хвамилилIи,,,,
свинец,тIуши,"б, б",тIушил,тIушиллIи,тIушилилIи,,,,
сегодня,"желъал, жегьал",,,,,,,,
серп,ничо,"б, б",ничодул,ничолIи,ничодалIи,,,,
сестра,йоцци,"й, й",йоцибол,йоццулIи,йоццибалIи,,,,
слепой,ботIи,,,,,,"ботIи, ботIол",,
снег,анзи,"р, р",анзил,анзилIи,анзилилIи,анзиъа,,,
собака,хвей,"б, й",хведул,хвейолIи,хведалIи,,,,
солнце,милъи,"б, б",милъил,милъирлIи,милъилилIи,,,,
стена,къен,"б, б",къенадул,къеннолIи,къеннадалIи,къенноъа,,,
толстый,биши,,,,,,"вуши, биши, йиши, вушол, йишол",,
топор,анжиди,"р, р",анжидобил,анжидулIи,анжидобалIи,,,,
узкий,чIчIитIир,,,,,,,,
хлеб,гъан,"б, б",гъанол,гъанлIи,,,,,
черный,б=ечIедир,,,,,,"в=ечIедир, й=ечIедирол",,
шея,гару,"б, б",гардобил,гардолIи,гардобалIи,,,,
широкий,ъаб,,,,,,,,
яйцо,кIоркIон,"р, р",кIоркIомил,кIоркIонулIи,кIоркIомалIи,,,,
баран,гьайман,"б, й",гьайманол,гьайманулIи,гьайманалIи,,,,
баран,кун,"б, й",куммил,кунолIи,куммалIи,,,,
баран,анлъи,"б, й",анлъол,анлъолIи,анлъалIи,,,,
браслет,кверкъин,"р, р",кверкъимол,кверкъинулIи,кверкъималIи,,,,
бревно,кьерчIо,"р, р",кьерчIобил,кьерчIолIи,кьерчIобалIи,,,,
бурдюк,кьетон,"б, б",кьетомил,кьетонлIи,кьетомалIи,,,,
бурка,буртина,"б, б",буртимобил,буртинулIи,буртималIи,,,,
веретено,мига,"б, б",мигобил,мигулIи,мигобалIи,,,,
весна,рибу,"б, б",рибодул,риблIи,рибодалIи,,,,
ветер,мочи,"б, б",мочил,мочилIи,мочилилIи,,,,
внизу,гьикьу,,,,,,,,
впереди,сседу,,,,,,,,
вымя,гъа,"б, б",гъадобил,гъалIи,гъадобалIи,,,,
глотать,бикIкIунну,,,,,,,бикIкIунний,бикIкIон
глубокий,уди,,,,,,,,
голубь,гъугъу,"б, й",гъугъол,гъугъулIи,гъугъобалIи,,,,
гора,бил,"б, б",биладул,билолIи,биладалIи,билоъа,,,
горло,къванкъва,"б, б",къванкъибол,къванкъулIи,къванкъибалIи,,,,
грабли,лъарлъал,"б, б",лъарлъалол,лъарлъалулIи,лъарлъалалIи,,,,
град,шен,р,,шенлIи,,,,,
грязный,чуруки,,,,,,,,
грязный,хъуби,,,,,,,,
день,зубу,"р, р",зубодул,зубулIи,зубодалIи,,,,
длинный,бехула,,,,,,"йехула, вехула, вехулол, йехулол",,
дно,гьимъу,"б, б",гьимъодул,гьимъулIи,гьимъодалIи,гьимуъулъа,,,
доска,хин,"р, р",химмил,химлIи,химмалIи,,,,
желчь,ссим,"б, б",ссимил,ссимлIи,ссималIи,,,,
женщина,йошиква,"й, й",йошул,йошиквалIи,йошулилIи,,,,
жеребец,чор,"б, й",чордул,чорлIи,чордалIи,,,,
жечь,цIатери,,,,,,,цIато,цIато
жидкий,лъему,,,,,,,,
здесь,гьонолъу,,,,,,,,
зима,кьину,"р, р",кьинодул,кьинлIи,кьинодалIи,,,,
иней,цIцIикъу,б,,цIцIикъулIи,,,,,
искать,кустери,,,,,,,кусти,кусто
капкан,гудур,"б, б",гудурдул,гудуролIи,гудуралIи,,,,
кашлять,ухIудери,,,,,,,ухIуди,ухIудиб
кизяк,цIипIила,"б, б",цIипIилдул,цIипIилулIи,цIипIилдалIи,,,,
кипеть,оххинну,,,,,,,оххонний,оххом
кислый,цIцIикIкIу,,,,,,,,
клин,лIутIи,"б, б",лIутIол,лIутIолIи,лIутIалIи,,,,
клык,гожо,"б, б",гожолол,гожолIи,гожолалIи,,,,
ключ,рекIул,"р, р",рекIулол,рекIулолIи,рекIулалIи,,,,
клятва,ноко,"р, р",нокол,нокулIи,нокодалIи,,,,
ковер,тIамса,"б, б",тIамсибол,тIамсулIи,тIамсибалIи,,,,
козел,тIука,"б, й",тIукибол,тIукулIи,тIукибалIи,,,,
колено,нико,"б, б",никобил,николIи,никобалIи,,,,
колесо,чIуреги,"б, р; б, б; р, р",чIурегобил,чIурегулIи,чIурегобалIи,,,,
корзина,гиза,"б, б",гизобил,гизулIи,гизобалIи,,,,
корыто,ирса,"р, р",ирсибол,ирсулIи,ирсибалIи,,,,
косить,хханнери,,,,,,,хханни,хханно
край,рагьал,"б, б",рагьалол,рагьаллIи,рагьалалIи,,,,
крапива,мичIчIи,"б, б",мичIчIил,мичIчIилIи,мичIчIилалIи,,,,
кривой,чIило,,,,,чIилол,,,
кривой,гъвенчIил,,,,,гъвенчIилол,,,
кровь,гьин,"б, б",гьимил,гьинлIи,,,,,
кроить,букъери,,,,,,,букъи,букъо
крыша,ъом,"б, б",ъомадул,ъомлIи,ъомадалIи,ъомъа,,,
ладонь,хъота,"р, р",хъотобил,хъотулIи,хъотобалIи,хъотула,,,
лаять,бахери,,хIапунну,,,,,хIапунни,хIапум
левый,кучIил,,,,,,,,
лес,решу,р,,решулIи,,,,,
лето,къину,р,,къинлIи,,къина,,,
лизать,ламмери,,,,,,,ламми,ламмо
ложка,арком,"б, б",аркомил,аркомулIи,аркомалIи,,,,
лук (растение),кIонча,"б, б",кIончол,кIончулIи,кIончалIи,,,,
лук (оружие),цирцедахъи,"б, б",церцедахъол,церцедахъилIи,церцедахъалIи,,,,
много,бигьолгу,,,,,,"ригьолгу, вугьолгу, йигьолги, бигьугу (для неисчисляемых)",,
молодой,олохъан,,,,,,,,
молозиво,цIцIир,"б, б",цIцIирил,цIцIирлIи,цIцIирилилIи,,,,
моль,реси,б,,ресилIи,,,,,
море,релъо,"р, р",релъобил,релъолIи,релъобалIи,,,,
мост,кьир,"б, б",кьирдобил,кьирлIи,кьирдобалIи,,,,
моча,гьинкIкIур,"р, р",гьинкIкIурдул,гьинкIкIурлIи,гьинкIкIурдалIи,,,,
мяукать,маъушери,,,,,,,маъушо,маъушо
неделя,гьокьу,"р, р",гьокьодул,гьокьулIи,гьокьодалIи,,,,
низкий (скорее о вещах),кьухъур,,,,,,,,
низкий (скорее о живых),вочо,,,,,,"йочо, бочо, рочо, вочол, йочол, бочол",,
нога,чункIа,"б, б",чункIобил,чункIулIи,чункIобалIи,,,,
нога,регъил,"б, б",регъибол,регъилолIи,регъибалIи,,,,
ножницы,исир,"р, р",исирдул,исиролIи,исирдалIи,,,,
нос,магьар,"б, б",магьардул,магьаролIи,магьардалIи,,,,
ночь,релъо,"р, р",релъодул,релъоллIи,релъодалIи,,,,
ночью,гьечIодоъо,,,,,,,,
осень,сибиру,"р, р",сибирдул,сибирулIи,сибирдалIи,,,,
очаг,ахъи,"б, б",ахъил,ахъилIи,ахъилилIи,ахъиха,,,
палка,цIул,"р, р",цIулибол,цIулолIи,цIулибалIи,,,,
паук,мисихвара,"б, й",мисихвардул,мисихварулIи,мисихвардалIи,,,,
песок,сур,б,,сурлIи,,,,,
писать,хъварери,,,,,,,хъвари,хъваро
подбородок,жуна,"р, р",жунал,,жуналлIи,,,,
подкова,лъол,"р, р",лъолибол,лъолулIи,лъолибалIи,,,,
почка,кIкIуну,"р, р",кIкIунибол,кIкIунулIи,кIкIунибалIи,,,,
пуговица,миргъал,"б, б",миргъалол,миргъалулIи,миргъалалIи,,,,
радоваться,вергьинну,,,,,,,"вергьан, йергьан, йергьамол",вергьам
рана,ругъун,"р, р",ругъумол,ругъунулIи,ругъумалIи,,,,
рог,ъвен,"б, б",ъвенол,ъвенулIи,ъвенолилIи,,,,
роса,щиб,б,,щиболIи,,,,,
рубашка,гурдо,"р, р",гурдибол,гурдилIи,гурдибалIи,,,,
рукав,квелъир,"б, б",квелъирдул,квелъиролIи,квелъирдалIи,,,,
свадьба,бертин,"б, б",бертимол,бертинулIи,бертималIи,,,,
сено,гьунчIа,"р, р",гьунчIол,гьунчIорлIи,гьунчIолилIи,,,,
сердце,рокIо,"р, р",рокIол,рокIоллIи,рокIолилIи,,,,
серебро,орси,б,,орсилIи,,,,,
сказка,муха,"б, б",мухал,мухалIи,мухалилIи,,,,
скрипеть,къиркъидери,,,,,,,къиркъиди,къиркъидиб
скрипеть,зиркъунну,,,,,,,зиркъун,зиркъум
слива,коком,"б, б",кокомил,кокомулIи,кокомалIи,,,,
смеяться,велълъери,,,,,,,велълъи,велълъиб
солома,ситIа,б,,ситIалIи,,,,,
сорока,чаргъитIи,"б, й",чаргъитIол,чаргъитIулIи,чаргъитIобалIи,,,,
спина,мигъул,"б, б",мигъулол,мигъулолIи,,,,,
старый,бохор,,,,,,"йохор, вохор, йохорол, вохорол",,
стрелять,кьвагьуноллу,,,,,,,кьвагьунолъи,кьвагьунолло
сыворотка,ъерцIцIи,"р, р",ъерцIцIил,ъерцIцIилIи,ъерцIцIилилIи,,,,
танец,лIибдир,б,,лIибдирлIи,,,,,
тело,черхи,"б, б",черхил,черхилIи,черхилилIи,,,,
тень,анччу,"б, б",анччодул,анччулIи,анччодалIи,,,,
теплый,уᵸнса,,,,,,,,
тесто,гьатIи,б,,гьатIилIи,,,,,
ткать,бещери,,,,,,,бещи,бещо
туша,къулийеб,"б, б",къулийебол,къулибулIи,къулийебалIи,,,,
тянуть,кьаннери,,,,,,,кьанни,кьанно
уголь,гьабу,"б, б",гьабодул,гьабулIи,гьабудалIи,,,,
хвост,могъорчIу,"б, б",могъорчIобил,могъорчIулIи,могъорчIобалIи,,,,
хлев,бекьи,"б, б",бекьадул,бекьилIи,бекьадалIи,бекьу,,,
хромой,рекъу,,,,,,,,
цветок,джинджи,"р, р",джинджил,джинджилIи,джинджилилIи,,,,
чесать,хъеллери,,,,,,,хъелли,хъелло
чеснок,ражи,б,,ражилIи,,,,,
чистый,берцIцIом,,,,,,"берцIцIом, верцIцIом, йерцIцIомол",,
читать,баъери,,,,,,,баъи,баъо
шило,гьиму,"р, р",гьимодул,гьимодулIи,гьимодалIи,,,,
шумовка,хинкIилахом,"б, б",хинкIилахомил,хинкIилахомалIи,хинкIилахомалIи,,,,
щека,гверзу,"б, б",гверзобил,гверзуллIи,гверзобалIи,,,,
щенок,кIунцIцIи,"б, й",кIунцIцIол,кIунцIцIолIи,кIунцIцIалIи,,,,
яблоко,инчи,"б, б",инчил,инчиллIи,инчилилIи,,,,
яма,дунгил,"б, б",дунгилол,дунгилулIи,дунгилалIи,,,,
ячмень,бурчIина,"б, б",бурчIинол,бурчIинулIи,бурчIинобалIи,,,,
ящерица,кьерчин,"б, й",кьерчимол,кьерчимулIи,кьерчималIи,,,,
блоха,чIонни,"б, й",чIоннол,чIоннулIи,чIонналIи,,,,
большой,бечIуха,,,,,,"бечIуха, вечIуха, йечIуха, йечIухол",,
вошь,ноцIцIи,"б, й",ноцIцIол,ноцIцIулIи,ноцIцIалIи,,,,
гвоздь,гьанкIо,"б, б",гьанкIодул,гьанкIоллIи,гьанкIодалIи,,,,
голова,мийар,"р, р",мийардул,мийарулIи,мийардалIи,,,,
груша,гьиᵸгьиᵸ,"б, б",гьиᵸгьиᵸл,гьиᵸгьиᵸлIи,гьиᵸгьиᵸлилIи,,,,
дождь,цIцIа,р,,цIцIалIи,,,,,
дорога,микъи,"б, б",микъадул,микъилIи,микъадалIи,"микъабо, микъаво, микъайо, микъавол, микъайол",,,
дым,кIвей,"б, б",кIвейадул,кIвейлIи,кIвейадалIи,,,,
звезда,"цIцIа, цIцIва","р, р","цIцIалил, цIцIвалил",цIцIалилIи,цIцIалилилIи,,,,
зуб,сол,"р, р",солибол,солуллIи,солибалIи,,,,
кинжал,хъанжар,"б, б",хъанжардул,хъанжарулIи,хъанжардалIи,,,,
коза,цIцIиᵸйаᵸ,"б, й",цIцIеᵸнил,цIцIиᵸйоᵸлIи,цIцIеᵸнилIи,,,,
кольцо,цIцIекIалъол,"р, р",цIцIекIалъолол,цIцIекIалъолулIи,цIцIекIалъолалIи,,,,
корова,"зиᵸвуᵸ, зиᵸв","б, й",зиᵸнол,зиᵸвуᵸлIи,зиᵸналIи,,,,
короткий,вочо,,,,,,"йочо, бочо, рочо, вочол, йочол, бочол",,
красный,гьири,,,,,,,,
лоб,гьонно,"р, р",гьоннодул,гьонноллIи,гьоннодалIи,гьонноллуъа,,,
медведь,сеᵸй,"б, й",сеᵸйил,сеᵸйолIи,сеᵸйилилIи,,,,
молоко,щиᵸв,"р, р",щиᵸвол,щиᵸвулIи,щиᵸводалIи,щиᵸвулIи,,,
молоток,куртIа,"р, р",куртIибол,куртIулIи,куртIибалIи,,,,
муха,тIентIа,"б, й",тIентIол,тIентIулIи,тIентIалIи,,,,
мышь,гьинкIкIу,"б, й",гьинкIкIол,гьинкIкIулIи,гьинкIкIвалIи,,,,
огонь,цIа,"р, р",цIалил,цIалIи,цIалилилIи,цIалIи,,,
олень,ритIучIи,"б, й",ритIучIол,ритIучIулIи,ритIучIалIи,,,,
осел,гьаморхи,"б, й",гьаморхол,гьаморхулIи,гьаморхалIи,,,,
петух,гьелеко,"б, й",гьелекобил,гьелеколIи,гьелекобалIи,,,,
пустой,бечIугу,,,,,,"бечIугу, речIугу",,
сабля,хвалчен,"р, р",хвалчемил,хвалченулIи,хвалчемалIи,,,,
сани,чанагъи,"р, р",чанагъобил,чанагъулIи,чанагъобалIи,чанагъуъа,,,
сундук,гъвамарссу,"р, р",гъвамарссол,гъвамарссулIи,гъвамарссобалIи,гъвамарссула,,,
сын,вошо,"в, в",вошул,вошув,вошулув,,,,
ухо,гьантIикIа,"б, б",гьантIикIобил,гьантIикIулIи,гьантIикIобалIи,,,,
худой,хъелла,,,,,,,,
язык,мицIцIи,"б, б",мицIцIил,мицIцIилIи,мицIцIибалIи,,,,
печь,пещи,"б, б",пещил,пещиллIи,пещилилIи,пещилха,,,
печь,ахъи,б,ахъил,ахъилIи,ахъилилIи,,,,
печь (глагол),бежери,,,,,,,бежа,бежо
барабан,къали,"б, б",къалил,къалилIи,къалилилIи,,,,
бедный,бискин,,,,,,,,
беременная,гьанъо,,,,,,,,
бумага,кагъар,"р, р",кагъардул,кагъарулIи,кагъардалIи,,,,
бычок,къинком,"б, й",къинкомил,къинкомулIи,къинкомалIи,,,,
вдова,серо,,серол,сероллIи,серолилIи,,,,
вдовец,серо,,серол,сероллIи,серолилIи,,,,
верблюд,гъварани,"б, й",гъваранобил,гъваранулIи,гъваранобалIи,,,,
ворота,кав,"б, б",каводул,кавдолIи,каводалIи,кавдоха,,,
восемь,бейкьигу,,,,,,,,
воск,щир,"б, б",щирдул,щирлIи,щирдалIи,,,,
второй,чIелдеб,,,,,,чIелдебул,,
вы,биссил,,,,,,,,
глина,чIабар,"б, б",чIабардул,чIабарлIи,чIабардалIи,,,,
глупый,тохи,,,,,,,,
гнида,тIана,"б, й",тIанол,тIанулIи,тIанолилIи,,,,
гореть,цIатери,,,,,,,цIато,цIатоб
город,шагьар,"б, б",шагьардул,шагьарулIи,шагьардалIи,шагьаруъа,,,
гребень,гьокьу,"р, р",гьокьодул,гьокьудолIи,гьокьодалIи,,,,
грязь,гъузи,"б, б",гъузол,гъузиллIи,гъузолилIи,гъузалIи,,,
густой,бекъуб,,,,,,рекъуб,,
да,"гьуᵸ, джи",,,,,,,,
двор,рей,"б, б",рейадул,рейлIи,рейадалIи,рейду,,,
десна,томил,"б, б",томилол,томилулIи,томилалIи,,,,
долг,налъи,"р, р",налъол,налъолIи,налъолилIи,,,,
драться,вахери,,,,,,,вахой,вахоб
другой,севло,,,,,,"севло, сейло, себло, севулло, сейилло, себулло",,
дуть,пудери,,,,,,,пуди,пудо
жирный,чора,,,,,,,,
жирный (бульон),чIачIи,,,,,,,,
здоровый,сагъи,,,,,,,,
иногда,иннагуло,,,,,,,,
каждый,джиб,,,,,,джибул,,
капля,тIонкIил,"р, р",тIонкIилол,тIонкIилулIи,тIонкIилалIи,,,,
книга,ххуча,"р, р",ххучол,ххучулIи,ххучалIи,хучула,,,
колбаса,рудил,"б, б",рудилол,рудилулIи,рудилалIи,,,,
кормить,биконну,,,,,,,"биконлъи, вуконлъи, йиконлъи, воконлъи, йоконлъи",биконно
кость,рокьи,"б, б",рокьол,рокьиллIи,"рокьалIи, рокьилилIи",,,,
красивый,багъу,,,,,,,,
кукуруза,хIечIинкIа,"б, б",хIечIинкIол,хIечIинкIулIи,хIечIинкIалIи,,,,
куропатка,гъобгъо,"б, й",гъобгъол,гъобгъолIи,гъобгъолилIи,,,,
кусок,тупи,"б, б",тупил,тупиллIи,тупилилIи,,,,
легкий,лъолколъи,,,,,,,,
летучая мышь,лъалботIи,"б, й",лъалботIол,лъалботIиллIи,лъалботIулилIи,,,,
лопата,бел,"б, б",беладул,белулIи,беладалIи,,,,
медь,гьир,"б, б",гьирдул,гьирлIи,гьирдобалIи,,,,
мелкий,чIантIи,,,,,,,,
мертвый,вучIой,,,,,,"йичIой, бичIой, йочIой, вочIой",,
мешок,таргьа,"б, б",таргьибол,таргьулIи,таргьибалIи,,,,
могила,шу,"б, б",шулибол,шулIи,шулибалIи,шудила,,,
молния,пири,"б, б",пирил,пирилIи,пирилилIи,,,,
мыло,сапун,"б, б",сапумол,сапунолIи,сапумалIи,,,,
одежда,роъол,"б, б",роъолол,роъоллIи,роъолалIи,,,,
одеяло,йоргъан,"б, б",йоргъамил,йоргъанулIи,йоргъамалIи,,,,
оса,гьанкьакIур,"б, й",гьанкьакIурол,гьанкьакIурулIи,гьанкьакIуралIи,,,,
падать,вукквери,,,,,,,"вукку, йукку, букку, вукIуй, йукIуй, букIуй",вуккуб
палас,паларсси,"б, б",паларссол,паларссулIи,паларссолилIи,,,,
паутина,гелчи,"б, б",гелчил,гелчилIи,гелчилилIи,,,,
пена,пол,"б, б",полил,поллIи,полилилIи,,,,
пещера,речIчIо,"б, б",речIчIадул,речIчIолIи,речIчIадалIи,,,,
пища,буги,"б, б",бугил,бугилIи,бугилилIи,,,,
плавать,коллери,,,,,,,коллир,коллиб
платок,кIази,"р, р",кIазил,кIазилIи,кIазилилIи,,,,
плесень,ккал,"б, б",ккалил,ккалуллIи,ккалилилIи,,,,
подушка,къелъин,"р, р",къелъимол,къелъинулIи,къелъималIи,,,,
половина,ахьхьал,"б, б",ахьхьалол,ахьхьаллIи,ахьхьалолилIи,,,,
просо,беча,,,,,,,,
раб,лагъи,"в, в; й, й",лагъол,лагъишув; лагъиллIил,лагъолув; лагъолилIи,,,,
расти,рижунну,,,,,,,"рижун, рожун, бижун, божун",бижум
резать,рукъери,,,,,,,"букъи, рукъи, бакъи, ракъи",рукъо
род,тухум,"б, б",тухумол,тухумулIи,тухумалIи,,,,
саван,мусру,"б, б",мусродул,мусрулIи,мусродалIи,,,,
сахар,писоки,"б, б",писокол,писокулIи,писоколилIи,,,,
сахар,чахъар,"б, б",чахъардул,чахъарулIи,чахъардалIи,,,,
свеча,чирахъи,"б, б",чирахъол,чирахъулIи,чирахъалIи,,,,
свинья,хунтIа,"б, й",хунтIил,хунтIулIи,хунтIилилIи,,,,
селезенка,ъэчIчIи,"б, б",ъэчIчIил,ъэчIчIиллIи,ъэчIчIилилIи,,,,
семь,гьокьугу,,,,,,,,
семья,хъизан,"б, б",хъизамил,хъизанулIи,хъизамалIи,,,,
сильный,къваку,,,,,,,,
слово,рошо,"б, б",рошол,рошоллIи,рошолилIи,,,,
сосать,цIцIуннери,,,,,,,цIцIунни,цIцIунно
сосать,боххинну,,,,,,,"боххонний, роххонний,",боххон
сто,бешенугу,,,,,,,,
там,гьуду,,,,,,,,
тарелка,гъадара,"б, б",гъадардул,гъадарулIи,гъадардалIи,,,,
теленок,лъедир,"б, й",лъедирдул,лъедиролIи,лъедирдалIи,,,,
терять,вутIери,,,,,,,"битIу, ритIу, йитIу, вутIу, вотIуй, йотIуй",битIуб
тесть,имакьору,"в, в",имакьордобил,имакьорушув,имакьордав,,,,
точило,чарххи,"р, р",чарххил,чарххиллIи,чарххилилIи,,,,
точило,хъиру,"б, б",хъирдобил,хъирдолIи,хъирдобалIи,,,,
ты,мен,,,,,,,,
тысяча,озуругу,,,,,,,,
тюрьма,туснахъ,"б, б",туснахъол,туснахъиллIи,туснахъалIи,,,,
тяжелый,гьокIору,,,,,,,,
угол,цIцIикон,"б, б",цIцIикомил,цIцIиконулIи,цIцIикомалIи,,,,
узел,кIору,"б, б",кIородул,кIорулIи,кIородалIи,,,,
цена,багьа,"б, б",багьал,багьаллIи,багьалилIи,,,,
человек,гьеква,в,,гьеквашулIи,,,,,
четыре,боъогу,,,,,,"боъогу, воъогу, йоъогу",,
шаг,гали,"б, б",галил,галиллIи,галилилIи,,,,
я,ден,,,,,,,,
ярмо,рукьо,"р, р",рукьодул,рукьоллIи,рукьодалIи,,,,
бабочка,одорукъа,"б, й",одорукъол,одорукъаллIи,одорукъалIи,,,,
бок,исиб,"б, б",исибол,исибулIи,исибалIи,,,,
борозда,рохъи,"б, б",рохъадул,рохъиллIи,рохъадалIи,,,,
бык,бугъа,"б, й",бугъибадул,бугъулIи,бугъибадалIи,,,,
бык,унсо,"б, й",унсодал,унсулIи,унсодалIи,,,,
быстро,хехи,,,,,,,,
веник,коцIи,"б, б",коцIол,коцIиллIи,коцIалIи,,,,
вздрагивать,ирери,,,,,,,ирий,ириб
вилы,кIвенкьа,"б, б",кIвенкьибол,кIвенкьулIи,кIвенкьибалIи,,,,
виноград,чIичIи,"б, б",чIичIил,чIичIилIи,чIичIилилIи,,,,
внутри,гьину,,,,,,,,
ворона,гъанни,"б, й",гъаннол,гъаннулIи,гъанналIи,,,,
все,жибулгу,,,,,,"жийилгу, живулгу, жибулгу",,
гнездо,бешен,"б, б",бешемил,бешенлIи,бешемалIи,бешенъа,,,
гнить,шанохвери,,,,,,,шанохур,шанохуб
гнить,турери,,,,,,,тури,туриб
гной,охо,"б, б",охол,охоллIи,охолилIи,,,,
горький,букьин,,,,,,,,
губа,сункIа,"б, б",сункIобил,сункIулIи,сункIобалIи,,,,
далеко,элолла,,,,,,,,
делать,джидери,,,,,,,джеди,джидо
дом,милки,"б, б",милкил,милкиллIи,милкилилIи,,,,
дрожать,чIирчIишери,,,,,,,чIирчIийо,чIирчIишоб
жевать,чIаммери,,,,,,,чIамми,чIаммо
жена,гьорчIи,"й, й",гьорчIобил,гьорчIулIи,гьорчIобалIи,,,,
живот,река,"р, р",рекобил,рекулIи,рекобалIи,рекула,,,
земляника,гъваркъи,"р, р",,гъваркъилIи,,,,,
знать,цIиннери,,,,,,,цIинни,цIинниб
качать,йергъоллу,,,,,,,"вергъолъи, йергъолъи, бергъолъи, йергъолъирил",йергъолло
кирка,газа,"б, б",газибол,газулIи,газибалIи,,,,
клещ,ъарпа,"б, й",ъарпол,ъарпуллIи,ъарполилIи,,,,
комар,кIкIара,"б, й",кIкIарибол,кIкIарулIи,кIкIарибалIи,,,,
копать,хварери,,,,,,,хвари,хваро
копыто,лъол,"р, р",лъолибол,лъолулIи,лъолибалIи,,,,
кремень,чIомму,"б, б",чIомодул,чIомодалIи,чIомодалIи,,,,
круглый,гургума,,,,,,,,
крышка,ъала,"р, р",ъалибол,ъалулIи,ъалибалIи,,,,
кувшин,кIепи,"р, р",кIепил,кIепиллIи,кIепилилIи,,,,
кузнечик,гъацIа,"б, й",гъацIол,гъацIолIи,гъацIалIи,,,,
кукарекать,уᵸъуᵸдери,,,,,,,уᵸъуᵸдий,уᵸъуᵸдиб
кулак,за,"б, б",задобил,задулIи,задобалIи,,,,
лапа,квачIа,"р, р",квачIибол,квачIулIи,квачIибалIи,,,,
лед,зар,"р, р",зардул,зарлIи,зардалIи,,,,
лицо,рижи,"р, р",рижил,рижиллIи,рижилилIи,,,,
локоть,цIцIикон,"б, б",цIцIикомил,цIцIиконулIи,цIцIикомалIи,,,,
медленно,илIохъи,,,,,,,,
медленно,илIогва,,,,,,,,
мельница,ихоб,"р, р",ихобил,ихобулIи,ихобалIи,,,,
менять,бершери,,,,,,,"бершой, рершой",бершо
месить,кIвкIварери,,,,,,,кIвкIварий,кIвкIваро
мокрый,битIонниб,,,,,,"ритIонниб, ротIоннибул, ботIоннибул",,
молоть,ихохъери,,,,,,,ихохъий,ихохъо
муж,кунтIа,"в, в",кунтIобил,кунтIув,кунтIобав,,,,
муравей,лъанцIцIи,"б, й",лъанцIцIол,лъанцIцIолIи,лъанцIцIалIи,,,,
мычать,гьуммедери,,,,,,,гьуммеди,гьуммедиб
ноготь,мулъа,"б, б",мулъалол,мулъалулIи,мулъалалIи,,,,
овес,ниха,"б, б",нихал,нихаллIи,нихалилIи,,,,
овца,хIайман,"б, й",хIайманол,хIайманулIи,хIайманалIи,,,,
орел,цIцIум,"б, й",цIцIуммил,цIцIумолIи,цIцIумалIи,,,,
орех,ъавъал,"р, р",ъавъалол,ъавъаллIи,ъавъалалIи,,,,
осленок,токIищи,"б, й",токIищол,токIищулIи,токIищалIи,,,,
охапка,гьолIийа,"б, б",гьолIийол,гьолIийулIи,гьолIийалIи,,,,
пахать,бекьери,,,,,,,бекьий,бекьо
пень,гъадукIол,"б, б",гъадукIолол,гъадукIолулIи,гъадукIолалIи,,,,
песня,кечIи,"б, б",кечIол,кечIолIи,кечIолилIи,,,,
печень,реъилIи,"р, р",реъилIол,реъилIулIи,реъилIобалIи,,,,
пилить,хъухъуанну,,,,,,,хъухъан,хъухъан
пиявка,куронжи,"б, й",куронжол,куронжулIи,куронжалIи,,,,
плакать,йекIуъери,,,,,,,"векIуъи, йекIуъи, бекIуъи, йекIуъол, векIуъол",векIуъиб
полный,рицIцIиб,,,,,,"бицIцIиб, вуцIцIиб, йицIцIиб, воцIцIибул, йоцIцIибул,",,
послезавтра,сой,,,,,,,,
посуда,къай,"б, б",къайил,къайлIи,къайилилIи,,,,
правый,гьанчIчIил,,,,,,,,
продавать,бахоллу,,,,,,,"бахолъий, рахолъий",бахолло
пупок,цIцIунно,"р, р",цIцIуннобил,цIцIунноллIи,цIцIуннобалIи,,,,
пыль,кьехва,"б, б",кьехвал,кьехвалIи,кьехвалилIи,,,,
пятка,мижа,"б, б",мижалол,мижалулIи,мижалалIи,,,,
ржать,хIихIишери,,,,,,,хIихIидир,хIихIишоб
рука,реъа,"р, р",реъобил,реъулIи,реъобалIи,,,,
сеять,бекьери,,,,,,,"бекьи, рекьи",бекьо
скользить,гъурери,,,,,,,гъури,гъуриб
сладкий,мицIа,,,,,,,,
слышать,анлъери,,,,,,,анлъи,анлъиб
слюна,тото,"б, б",тотобол,тотолилIи,тотобалIи,,,,
смола,пирцIцIи,"б, б",пирцIцIил,пирцIцIилIи,пирцIцIилилIи,,,,
сноп,ъаста,"б, б",ъастибол,ъастулIи,ъастибалIи,,,,
собирать,бакIарунну,,,,,,,"бакIарун, ракIарун",бакIарун
соль,цIцIон,"р, р",цIцIонибол,цIцIонлIи,цIцIонибалIи,,,,
спать,кьихинну,,,,,,,кьихонни,кьихон
стричь,къирери,,,,,,,къири,къиро
сука,гежи,"б, й",гежобил,гежолIи,гежобалIи,,,,
считать,багвери,,,,,,,багу,баго
сыр,чIами,"р, р",чIамил,чIамилIи,чIамилилIи,,,,
таять,руцIери,,,,,,,"буцIор, руцIор",руцIоб
толокно,гун,б,,гунлIи,гунолIол,,,,
тонкий,беъора,,,,,,"веъора, йеъора, веъорол, йеъорол",,
убегать,вучIчIунну,,,,,,,"вучIчIун, йучIчIун, бучIчIун, вачIчIун, йачIчIун",вучIчIум
уздечка,пархон,"р, р",пархомил,пархонулIи,пархомалIи,,,,
фундамент,гъа,б,,гъалIи,,,,,
хвалить,веццихъери,,,,,,,"веццихъи, йеццихъи, беццихъи, йеццихъол",веццихъо
холодный,содо,,,,,,,,
холодный,зархуб,,,,,,"зархур, зархуб",,
царапать,хъеллери,,,,,,,хъелли,хъелло
царапать,рихъери,,,,,,,рихъий,рихъо
цепь,раххасси,"р, р",раххассол,раххассулIи,раххассалIи,,,,
шить,бахинну,,,,,,,"бахон, рахон",бахон
волос,лъин,"б, б",лъинибол,лъинлIи,лъинибалIи,,,,
завтра,щела,,,,,,,,
заяц,кьанкIала,"б, й",кьанкIалдул,кьанкIалулIи,кьанкIалдалIи,,,,
маленький,мичIи,,,,,,,,
рот,кIол,"б, б",кIолибол,кIоллолIи,кIолибалIи,,,,
штаны,орчоги,"р, р",орчогобил,орчогулIи,орчогобалIи,,,,
штаны,шалавар,"р, р",шалаварол,шалаварлIи,шалаваралIи,,,,
стекло,матIу,"р, р",матIодул,матIулIи,матIодалIи,,,,
стол,устул,"б, б",устулол,устулулIи,устулалIи,,,,
ад,джуджахIи,б,,джуджахIаллIи,,,,,
аккуратный,уцIцIилойсси,,,,,,,,
алюминий,тутийа,"б, б",тутийал,тутийалIи,тутийалилIи,,,,
арбуз,хъарпузи,"б, б",хъарпузол,хъарпузулIи,хъарпузалIи,,,,
башлык,башлухъи,"б, б",башлухъол,башлухъулIи,башлухъалIи,,,,
бегать,гьеллери,,,,,,,гьелли,гьеллиб
беседа,хабарчIабар,"б, б",хабарчIабарол,хабарчIабарулIи,хабарчIабаралIи,,,,
бинокль,дурмал,"б, б",дурмалол,дурмалулIи,дурмалалIи,,,,
болезнь,рукъур,"б, б",рукъурол,рукъурлIи,рукъуралIи,,,,
бросать,шаммери,,,,,,,шамми,шаммо
брызгать,пунхъишери,,,,,,,пунхъишо,пунхъишо
буйвол,гамущи,"б, й",гамущол,гамущулIи,гамущалIи,,,,
буква,хIарпи,"б, б",хIарпил,хIарпиллIи,хIарпилилIи,,,,
быстрый,хехи,,,,,,,,
в прошлом году,ссоб,,,,,,,,
вата,пампа,"р, р",,пампаллIи,,,,,
ваш,биссиб,,,,,,"биссив, биссивул, биссий, биссийил, биссиб, биссибул",,
вера,дин,"б, б",,динлIи,,,,,
верхний,гьиъасси,,,,,,,,
вещи,дан,"б, б",данол,данлIи,даналлIи,,,,
вина,ъайиб,"б, б",ъайибол,ъайибулIи,ъайибалIи,,,,
вкусный,мицIцIа,,,,,,,,
власть,ханлъир,"б, б",ханлъирол,ханлъирлIи,ханлъиралIи,,,,
вниз,гьикьу,,,,,,,,
внутренний,гьинусси,,,,,,,,
водка,аракъи,б,,аракъулIи,,,,,
возможность,ресси,"б, б",рессил,рессиллIи,рессилилIи,,,,
войско,аскIар,"б, б",аскIарол,аскIарлIи,аскIаралIи,,,,
вокруг,бехъиссорий,,,,,,"вехъиссорий, йехъиссорий, бехъиссорий",,
волна,карачел,"б, б",карачелол,карачелулIи,карачелалIи,,,,
вопрос,суъал,"б, б",суъалол,суъалулIи,суъалалIи,,,,
восемьдесят,бейкьицIолгу,,,,,,,,
воскресенье,гьатIан,"р, р",гьатIанол,гьатIанлIи,гьатIаналIи,,,,
вражда,тушманлъир,"б, б",тушманлъирол,тушманлъирлIи,тушманлъиралIи,,,,
вчерашний,сунисси,,,,,,,,
глист,жолка,"б, й",жолкол,жолкулIи,жолкалIи,,,,
государство,паччалухъи,"б, б",паччалухъол,паччалухъиллIи,паччалухъалIи,,,,
готовность,гьадурлъир,"б, б",гьадурлъирол,гьадурлъирлIи,гьадурлъиралIи,,,,
готовый,гьадур,,,,,,,,
граница,урхъи,"б, б",урхъадул,урхъудолIи,урхъадалIи,,,,
грех,мунагьи,"б, б",мунагьол,мунагьиллIи,мунагьалIи,,,,
грива,йал,"б, б",йалил,йалулIи,йалуллIол,,,,
грубый,хъачIи,,,,,,,,
давно,нукIвал,,,,,,,,
двести,чIебешенугу,,,,,,,,
девяносто,гьочIоцIолгу,,,,,,,,
дело,хIалтIи,"б, б",хIалтIил,хIалтIиллIи,хIалтIилилIи,,,,
добыча,давла,"б, б",давлал,давлаллIи,давлалилIи,,,,
драка,вагьой,"р, р",вагьорил,,,,йагьой,,
душа,хIуххал,"б, б",хIуххалол,хIуххалулIи,хIуххалалIи,,,,
дыня,пастIан,"б, б",пастIамил,пастIанулIи,пастIамалIи,,,,
дырявый,багимаша,,,,,,,,
дьявол,шайтIан,"б, й",шайтIамил,шайтIанулIи,шайтIамалIи,,,,
жадничать,къиннери,,,,,,,къинниб,къинниб
жажда,гьонкъо,"б, б",гьонкъол,гьонкъолIи,гьонкъолилIи,,,,
жалоба,ъарзи,"б, б",ъарзил,ъарзиллIи,ъарзилилIи,,,,
жаловаться,ъарзи джидери,,,,,,,ъарзи джеди,ъарзи джеди
жвачка,пирцIцIи,"б, б",пирцIцIил,пирцIцIилIи,пирцIцIилилIи,,,,
жизнь,умуру,"б, б",умурдул,умуруллIи,умурдалIи,,,,
жребий,мужру,"б, б",мужродул,мужрулIи,мужродалIи,,,,
забота,тIалаб,"б, б",тIалабил,тIалабулIи,тIалабалIи,,,,
затылок,херто,"б, б",хертол,хертолулIи,хертолалIи,,,,
здешний,гьолъусси,,,,,,,,
зимой,кьина,,,,,,,,
знакомство,цIиннигьаъор,"в, й, б",цIиннигьаъобул,,,,,,
знание,лъай,"р, р",лъайил,лъайиллIи,лъайилилIи,,,,
зоб,зоб,"б, б",зобил,зобиллIи,зобилилIи,,,,
испорченный,бичIоб,,,,,,ричIоб,,
какой,илIисси,,,,,,,,
канатоходец,палгьан,"в, в",палгьамадул,палгьаншув,палгьамадав,,,,
карандаш,къалам,"б, б",къаламил,къаламулIи,къаламалIи,,,,
катушка,чарххи,"р, р",чарххил,чарххиллIи,чарххилилIи,,,,
качели,гьишкIи,"б, б",гьишкIил,гьишкIиллIи,гьишкIилилIи,,,,
кашель,ухIул,"б, б",ухIулол,ухIулулIи,ухIулалIи,,,,
керосин,набти,"б, б",набтил,набтиллIи,набтилилIи,,,,
кладбище,шул,"б, б",шулибол,шуллIи,шулибалIи,,,,
клей,сино,"р, р",синол,синоллIи,синолилIи,,,,
когда,инна,,,,,,,,
конец,ахир,,,,,,,,
конечно,гьайгьай,,,,,,,,
конопля,кинлIишен,"р, р",кинлIишемил,кинлIишенлIи,кинлIишемалIи,,,,
корь,хъиру,"б, б",хъиродул,хъиродолIи,хъиродалIи,,,,
косой,къалчIар,,,,,,,,
красить,бушери,,,,,,,бушо,бушо
краска,лажбар,"б, б",лажбардул,лажбарулIи,лажбардалIи,,,,
краснеть,гьиᵸрилъери,,,,,,,гьиᵸрилъи,гьиᵸри
кровать,карават,"б, б",караватол,караватиллIи,караваталIи,,,,
крючок,кицIу,"р, р",кицIодул,кицIудолIи,кицIодалIи,,,,
куда,ива,,,,,,"ийа, иба, ивал, ийал",,
куда-то,ивалъиболо,,,,,,,,
кукла,йошикIу,"й, й",йошикIобил,йошикIоллIи,йошикIобалIи,,,,
кукушка,гугу,"б, й",гугибол,гугуллIи,гугибалIи,,,,
куница,саркьу,"б, й",саркьодул,саркьуллIи,саркьодалIи,,,,
лев,гъалбацI,"б, й",гъалбацIол,гъалбацIулIи,гъалбацIалIи,,,,
лекарство,дару,"б, б",дарудул,дарудолIи,дарудалIи,,,,
лениться,кIвахIаллъери,,,,,,,кIвахIаллъи,кIвахIаллъиб
лестница,милъур,"б, б",милъурдул,милъурулIи,милъурдалIи,,,,
любовь,рукьи,"б, б",рукьил,рукьиллIи,рукьилилIи,,,,
магнит,макълатIис,"б, б",макълатIисол,макълатIисиллIи,макълатIисалIи,,,,
материнство,илалъир,"б, б",илалъирол,илалъирлIи,илалъиралIи,,,,
мельник,иходуша,"в, в",иходушул,иходушашуб,иходушулуб,,,,
метка,анжи,"р, р",анжодул,анжиллIи,анжодалIи,,,,
мечеть,маштику,"б, б",маштикобил,маштикулIи,маштикобалIи,,,,
мечта,хийал,"б, б",хийалол,хийалулIи,хийалалIи,,,,
мозг,гьону,"р, р",гьонодул,гьонудолIи,гьонодалIи,,,,
молодеть,ъолохъанлъери,,,,,,,ъолохъанлъий,ъолохъанлъиб
мять,къиннери,,,,,,,къинний,къинно
наверх,гьиъо,,,,,,,,
навес,ъокъу,"б, б",ъокъудул,ъокъулIи,ъокъудалIи,,,,
навоз,чил,"б, б",чилил,чиллIи,чилилилIи,,,,
надоедать,чIаланну,,,,,,,чIалан,чIалам
назло,тIулларай,,,,,,,,
наказание,тамихI,"б, б",тамихIол,тамихIиллIи,тамихIаллIи,,,,
наковальня,лачи,"р, р",лачил,лачиллIи,лачилилIи,,,,
например,масала,,,,,,,,
наследство,ирси,"б, б",ирсил,ирсиллIи,ирсилилIи,,,,
начало,байбихьи,"б, б",байбихьилал,,,,,,
несколько,чомло,,,,,,,,
нигде,себгулолъуссу,,,,,,,,
нижний,гьикьуккуси,,,,,,,,
никакой,себгулоссу,,,,,,"сергулоссу, севгулоссу, сейгулоссу",,
никто,себгулоссу,,,,,,"сергулоссу, севгулоссу, сейгулоссу",,
ночью,гьечIодоъо,,,,,,,,
обувь,нассил,,нассилол,,,,,,
оружие,йарагъи,"б, б",йарагъол,йарагъолIи,йарагъалIи,,,,
отказ,инкар,"б, б",инкардул,инкарулIи,инкардалIи,,,,
отсюда,гьонолъукку,,,,,,,,
оттуда,гьондолъукку,,,,,,,,
очередь,очири,"б, б",очиридол,очириллIи,очиридалIи,,,,
ошибка,гъалатIи,"б, б",гъалатIол,гъалатIиллIи,гъалатIалIи,,,,
павлин,тIавус,"б, й",тIавусол,тIавусолIи,тIавусалIи,,,,
пар,гьал,"б, б",гьалил,гьалуллIи,гьалилилIи,,,,
передний,сседусси,,,,,,,,
персик,бечIухаллIи къурчи,,,,,,,,
петля,шинкIи,"б, б",шинкIилол,шинкIиллIи,шинкIилалIи,,,,
печать,мугьуру,"б, б",мугьуродул,мугьурулIи,мугьуродалIи,,,,
письмо,кагъар,"р, р",кагъардул,кагъарулIи,кагъардалIи,,,,
платье,гурдо,"р, р",гурдибол,гурдулIи,гурдибалIи,,,,
поблизости,лIеру,,,,,,,,
подарок,сайгъат,"б, б",сайгъатол,сайгъатиллIи,сайгъаталIи,,,,
подвиг,гьунар,"б, б",гьунардул,гьунарулIи,гьунардалIи,,,,
подлый,хIалихьати,,,,,,,,
подозревать,щаккунну,,,,,,,щаккун,щаккум
ползать,хъуршунну,,,,,,,хъуршун,хъуршун
польза,пайда,"б, б",пайдал,пайдаллIи,пайдалилIи,,,,
порода,тайпа,"б, б",тайпал,тайпаллIи,тайпалилIи,,,,
потом,онщило,,,,,,,,
походка,релIлIир,,,,,,,,
право,ихтийар,"б, б",ихтийарол,ихтийарлIи,ихтийаралIи,,,,
приказ,амру,"б, б",амродул,амруллIи,амродалIи,,,,
причина,багьанна,"б, б",багьаннобил,багьанналлIи,багьаннобалIи,,,,
прут,цIул,"р, р",цIулибол,цIулоллIи,цIулибалIи,,,,
прут,жала,"р, р",жалибол,жалулIи,жалибалIи,,,,
пуля,гулла,"б, б",гуллил,гуллаллIи,гуллалилIи,,,,
пух,назбар,"б, б",назбардул,назбарулIи,назбардалIи,,,,
пятница,рузман,,,,,,,,
рабочий,гьалтIухъан,"в, в; й, й",гьалтIухъамадул,"гьалтIухъаншув, гьалтIухъанлIи","гьалтIухъамадав, гьалтIухъамадалIи",,,,
радость,роххел,"р, р",роххелол,роххелулIи,роххелалIи,,,,
разводиться,вуххери,,,,,,,"вуххий, йиххий",воххибул
ранить,къирайдери,,,,,,,къиралъий,къирайдо
рано,учIчIери,,,,,,,,
редко,нагвагьи,,,,,,,,
речь,реддон,"р, р",реддомил,реддонулIи,реддомалIи,,,,
рис,пулав,"б, б",пулавол,пулавлIи,пулавулIи,,,,
родина,ватIан,"б, б",ватIамил,ватIанулIи,ватIамалIи,,,,
родители,илаима,р,,илаималлIи,,,,,
рубль,сом,"б, б",сомил,,,,,,
ручка,кверччин,"б, б",кверччимол,кверччинулIи,кверччималIи,,,,
ряд,михъур,"б, б",михъурдул,михъурулIи,михъурдалIи,,,,
сажа,лали,"б, б",лалил,лалиллIи,лалилилIи,,,,
сам,живгу,,,,,,"живгу, жийгу, жибгу, живулгу, жийилгу, жибулгу",,
свобода,элолъир,"б, б",элолъирол,элолъирлIи,элолъиралIи,,,,
свободный,элолъир,"б, б",элолъирол,элолъирлIи,элолъиралIи,,,,
семьдесят,гьокьуцIолгу,,,,,,,,
семьсот,гьокьубешенугу,,,,,,,,
сера,чIабатIи,"б, б",чIабатIол,чIабатIулIи,чIабатIулIол,,,,
сила,къуват,"б, б",къуватол,къуватулIи,къуваталIи,,,,
скандал,питна,"р, р",питнал,питналлIи,питналилIи,,,,
сковорода,зайдан,"р, р",зайдамил,зайданулIи,зайдамалIи,,,,
сковорода,гел,"б, б",гелил,гелулIи,гелилилIи,,,,
сколько,чIомгъи,,,,,,чIомъалгъи,,
сколько,илъагъи,,,,,,илъалгъи,,
сколько угодно,чIобъасси,,,,,,,,
сколько угодно,ибъасси,,,,,,,,
скорпион,гьочIо-ричIин,"б, й",гьочIо-ричIимол,гьочIо-ричIинулIи,гьочIо-ричIималIи,,,,
скупой,см. жадный,,,,,,,,
слабый,загIип,,,,,,,,
слой,кьал,"б, б",кьалил,кьалуллIи,кьалилилIи,,,,
слон,пил,"б, й",пилил,пилуллIи,пилилилIи,,,,
смерть,ричIор,"р, р",ричIорол,ричIоролIи,ричIоралIи,,,,
смех,релъи,"б, б",релъил,релъиллIи,релъилилIи,,,,
сморкаться,лъуннери,,,,,,,лъунний,лъунно
совет,ъакълу,"р, р",ъакълодул,ъакълуллIи,ъакълодалIи,,,,
сомнение,щакилъир,"б, б",щакилъирол,щакилъирлIи,щакилъиралIи,,,,
сон,мокьи,"р, р",мокьалол,мокьиллIи,мокьалалIи,,,,
спасибо,баркала,,,,,,,,
спичка,къали,"б, б",къалил,къалиллIи,къалилилIи,,,,
спор,даъба,"б, б",даъбал,даъбалIи,даъбалилIи,,,,
стадо,реда,"р, р",редал,редалIи,редалилIи,,,,
старость,рохорлъир,"б, б",рохороллъир,рохорлъирлIи,рохороллъирлIи,,,,
столько,ибъало,,,,,,,,
стонать,зигардери,,,,,,,зигардир,зигардиб
сторона,сейсиб,"б, б",сейсибол,сейсиблIи,сейсибалIи,,,,
странный,тамаша,,,,,,,,
суббота,щамати,"р, р",щаматол,щаматилIи,щаматалIи,,,,
сукно,ххам,"б, б",ххамил,ххамлIи,ххамилилIи,,,,
сутки,релъозубу,"р, р",релъозубодул,релъозубулIи,релъозубодалIи,,,,
сюда,гьоваро,,,,,,"гьойаро, гьобаро",,
табак,тамако,"б, б",тамакол,тамаколIи,тамакобалIи,,,,
таз,тIасси,"б, б",тIассил,тIассиллIи,тIассилилIи,,,,
так,гьонокьей,,,,,,,,
такой,гьенебдий,,,,,,,,
творог,исо,"р, р",исобил,исолIи,исобалIи,,,,
терпение,сабру,"б, б",сабродул,сабрулIи,сабродалIи,,,,
толпа,ъалам,б,,ъаламулIи,,,,,
труба,мащу,"б, б",мащодул,мащодолIи,мащодалIи,,,,
трус,см. трусливый,,,,,,,,
туда,гьудува,,,,,,"гьудуйа, гьудуба, гьудувал, гьудуйал",,
удивительный,тамаша,,,,,,,,
утренний,охходоросси,,,,,,,,
утром,охходоро,,,,,,,,
фасоль,гьолий,"р, р",гьолил,гьолиллIи,гьолилилIи,,,,
финик,чамасаги,"б, б",чамасагол,чамасагиллIи,чамасагалIи,,,,
фитиль,чалу,"р, р",чалодул,чалулIи,чалодалIи,,,,
халва,хIавла,"б, б",,хIавлаллIи,,,,,
хлопок,пампа,,,,,,,,
ходить,велIери,,,,,,,"велIи, йелIи, белIи",велIиб
хозяйство,магIишати,б,,магIишатиллIи,,,,,
цемент,ссимити,"б, б",ссимитол,ссимитулIи,ссимиталIи,,,,
червяк,щирщил,"б, й",щирщилол,щирщилулIи,щирщилалIи,,,,
черепаха,цIилли къурру,,,,,,,,
чернила,щакъи,"б, б",щакъил,щакъиллIи,щакъилилIи,,,,
честь,йахI,б,,йахIиллIи,,,,,
четвертый,боъолдеб,,,,,,боъолдебул,,
четки,ссайлат,"р, р",ссайлатол,ссайлатиллIи,ссайлаталIи,,,,
чугун,хъазан,,,хъазанулIи,,,,,
шакал,ангурбоцIо,"б, й",ангурбоцIол,ангурулIи,ангурдалIи,,,,
шалаш,чалахъи,"б, б",чалахъол,чалахъулIи,чалахъалIол,,,,
шариат,шаръи,б,,шаръиллIи,,,,,
шевелиться,вергъери,,,,,,"йергъери, вергъерил",вергъа,вергъаб
шелк,чиллай,б,,чиллайлIи,,,,,
шорох,ширшири,б,,,,,,,
шум,хъуй,"б, б",хъуйил,хъуйлIи,,,,,
щедрый,йахIилжа,,,,,,йахIилжа,,
щипать,цIцIиммери,,,,,,,цIцIимми,цIцIиммо
этаж,ъала,б,,ъалаллIи,,,,,
ясный,рахоб,,,,,,рахоб,,
барсук,гьочIомусси,"б, й","гьочIомуссил, гьочIомуссол",гьочIомуссиллIи,гьочIомуссалIол,,,,
белка,соригьинкIкIу,"б, й",соригьинкIкIвол,соригьинкIкIолIи,соригьинкIкIваллIол,,,,
блеять,гъаргъадери,,,,,,,гъаргъадир,гъаргъадиб
блеять,багIадери,,,,,,багIадирил,багIадир,багIадиб
богатый,буртIа,,,,,,,,
болото,лъуцIцIи,"б, б",лъуцIцIил,лъуцIцIилIи,лъуцIцIилилIи,,,,
больной,рукъудосси,,,"рукъудоссишур, рукъудоссилIи",,,,,
бояться,сирери,,,,,,,сири,сириб
вешать,гелоллу,,,,,,,гелолъи,гелоло
вино,вино,б,,виноллIи,,,,,
враг,тушман,"в, в; й, й",тушманол,"тушманшур, тушманлIи, тушманулIи",тушманадул,,,,
всхлипывать,лълъимкъишери,,,,,,,лълъимкъишо,лълъимкъишоб
гаснуть,ричIери,,,,,,"бичIо, ричIо",бичIо,ричIоб
гнуть,чIаболлу,,,,,,,чIаболъи,чIаболло
говорить,рулIери,,,,,,,рулIи,рулIо
говорить,веддонну,,,,,,"веддон, йеддон, веддонил",веддон,веддом
горячий,бекIкIуб,,,,,,рекIкIуб,,
гумно,гьинцIцIу,б,,гьинцIцIулIи,,,,,
гусь,хъази,"б, й",хъазол,хъазолIи,хъазалIи,,,,
два,чIегу,,,,,,,,
двадцать,чIецIолгу,,,,,,,,
девять,гьочIогу,,,,,,,,
деньги,орси,б,,орсилIи,,,,,
держать,биччери,,,,,,"биччи, риччи",биччи,биччо
десять,гьоцIогу,,,,,,,,
дрова,лъуди,"б, б",лъудол,лъудиллIи,лъудалIи,,,,
друг,гьомологъи,"в, в; й, й",гьомологъадул,"гьомологъишур, гьомологъиллIи","гьомологъадар, гьомологъадалIи",,,,
жарить,бежери,,,,,,"бежо, режо",бежа,бежо
живой,чIаго,,,,,,,,
замок,рекIулол,р,,,рекIулалIи,,,,
зевать,гьаъакьери,,,,,,,гьаъакьо,гьаъакьиб
зять,нусо,"в, в",нусобдул,нусошув,нусобдавул,,,,
камыш,цIцIума,б,,цIцIумалIи,,,,,
карман,кисав,"б, б",кисавол,кисавлIи,кисавалIи,,,,
качаться,гьанкIери,,,,,,,гьанкIишо,гьанкIишоб
кипятить,охонну,,,,,,,охонлъи,охонно
кишка,рудил,"б, б",рудилол,рудилулIи,рудилалIи,,,,
класть,бикIоллу,,,,,,"бикIолъи, рикIолъи, вукIолъи, йикIолъи, бокIолъи, рокIолъи, вокIолъи, йокIолъи",бикIолъи,бикIолло
кожа,хъал,б,,хъалуллIи,,,,,
колыбель,кини,"б, б",кимил,киниллIи,кимилилIи,,,,
колючка,цIцIана,"р, р",цIцIанибол,цIцIанолIи,цIцIанибалIи,,,,
кричать,къорери,,,,,,,къори,къоро
курдюк,бехумугъул,б,бехумугъулол,бехумугъуллIи,бехумугъулалIол,,,,
ласточка,гьицIичол,"б, й",гьицIичолол,гьицIичолалIи,гьицIичолалIол,,,,
ленивый,кIвагьал,,,,,,,,
лить,тIиннери,,,,,,,тIинни,тIинно
ловить,биччери,,,,,,"биччери, йиччери",биччи,биччо
мочь,бажанулло,,,,,,,бажарун,бажаруннуло
мы,ищил,,,,,,,,
мы,илIил,,,,,,,,
мяч,торъо,"б, б",торъол,торъоллIи,торъолилIи,,,,
нет,ссу,,,,,,,,
один,себ,,,,,,,,
останавливаться,вугъери,,,,,,,вугъи,вугъиб
острый,бар,,,,,,,,
пастбище,алахи,"б, б",алахол,алахиллIи,алахалIи,,,,
пепел,лIе,"б, б",лIелил,лIелIи,лIелилилIи,,,,
первый,эсседусси,,,,,,,,
пищевод,ццула,"б, б",ццулол,,,,,,
плохой,тIулу,,,,,,,,
плуг,кутум,"б, б",кутумол,кутумулIи,кутумалIи,,,,
позавчера,сунассиб,,,,,,,,
постель,бешен,"б, б",бешемил,бешенлIи,бешемалIи,,,,
просить,ходери,,,,,,,ходи,ходо
пять,иᵸшдугу,,,,,,,,
рвать,танноллу,,,,,,,таннолъи,таннолло
рваться,таннери,,,,,,,танни,танниб
ребенок,мочIи,"в, в; й, й",мочIил,мочIишуб; мочIиллIи,мочIилурул; мочIилилIол,,,,
ремень,рокьучул,"р, р",рокьучулол,рокьучулулIи,рокьучулалIи,,,,
свекровь,илакьору,"й, й",илакьордобил,илакьорулIи,илакьордобалIи,,,,
свет,кванорлъир,"р, р",кванорлъирол,кванорлъирлIи,кванорлъиралIи,,,,
свидетель,анччиб,"в, в; й, й",анччибадул,"анччибшув, анччиблIи","анччибадалув, анччибулилIи",,,,
седло,кьеркьил,"р, р",кьеркьилол,кьеркьилулIи,кьеркьилалIи,,,,
сеновал,бегъва,"б, б",бегъвадул,бегъулIи,бегъвадалIи,,,,
серый,хъвейи,,,,,,,,
скала,кьури,"б, б",кьурибол,кьуриллIи,кьурибалIи,,,,
след,лъол,"р, р; б, б",лъолибол,лъолулIи,лъолибалIи,,,,
слеза,моъо,"б, б",моъол,моъолIи,моъолилIи,,,,
сова,бугьу,"б, й",,,,,,,
созревать,биъунну,,,,,,,биъунний,вуъум
солод,ъинни,р,,ъинниллIи,,,,,
спрашивать,рацIцIинну,,,,,,,рацIцIин,рацIцIон
сыпать,чаболлу,,,,,,,чаболъи,чаболло
темный,ботIи,,,,,,,,
тереть,чIчIанну,,,,,,,чIчIанни,чIчIанно
три,лъобгу,,,,,,,,
тридцать,лъобцIогу,,,,,,,,
труп,джаназа,"б, б",джаназобил,джаназулIи,джаназобалIи,,,,
уксус,къанцIи,б,,къанцIилIи,,,,,
улей,кону,,,,,,,,
улитка,щонкIур,"б, й",щонкIурдул,щонкIурулIи,щонкIурдалIи,,,,
улыбаться,ккиммери,,,,,,,ккимми,ккиммиб
умный,цIцIудур,,,,,,,,
ущелье,рекIкIа,"б, б",рекIкIадул,рекIкIулIи,рекIкIадалIи,,,,
хороший,шуб,,,,,,"шуб, шур, шуй",,
храпеть,хоммери,,,,,,,хомми,хоммо
час,саъати,"б, б",саъатобил,саъатулIи,саъатобалIи,,,,
часто,вугьу,,,,,,"бигьу, ригьу, йигьу",,
червь,жолка,"б, й",жолкол,жолкалIи,жолкалилIи,,,,
черемша,хIанку,"б, б",хIанкулол,хIанкулIи,хIанкулолилIи,,,,
чистить,бецIцIомийдери,,,,,,,бецIцIомийди,бецIцIомийдо
шапка,авъара,"б, б",авъардул,авъарулIи,авъардалIи,,,,
шесть,ойлIигу,,,,,,,,
ягненок,бура,"б, й",бурдил,бурулIи,бурдилIи,,,,
яд,загьру,"б, б",загьродул,загьрулIи,загьродалIи,,,,
абрикос,къурчи,"б, б",къурчил,къурчиллIи,къурчилилIи,,,,
бедро,ахъу,"б, б",ахъобил,ахъулолIи,ахъулолIи,,,,
болеть,рукъвери,,,,,,,рукъур,рукъуб
брать,бихери,,,,,,"рихи, бихи",бихи,бихо
брить,ханнери,,,,,,,ханни,ханно
варить,билъонну,,,,,,"билъонну, рилъонну",билъон,билъон
верить,бужери,,,,,,"бужу, ружу",бужу,бужуб
ветка,анга,"р, р",ангибол,ангулIи,ангибалIи,,,,
видеть,гьаъери,,,,,,,гьаъо,гьаъоб
вянуть,бечIанну,,,,,,,бечIаний,бечIан
глухой,гоъи,,,,,,,,
голенище,ссакур,"б, б",ссакурдул,ссакурулIи,ссакурдалIи,,,,
давать,иччери,,,,,,,иччи,иччо
детеныш,боши,"б, й",бошул,бошулилIи,бошулилIи,,,,
доить,берчIери,,,,,,"йерчIери , берчIери",берчIи,берчIо
есть,кIаммери,,,,,,,кIамми,кIаммо
есть,вуконну,,,,,,"йикон, йокон, вукон, вокон",вукон,вуком
жать,роквери,,,,,,,роко,роко
желудок,ихоб,"р, р",ихобил,ихобулIи,ихобалIи,,,,
жеребенок,тай,"б, й",тайил,тайолIи,тайилилIи,,,,
жир,соси,"р, р",сосол,сосиллIи,сосолилIи,,,,
жир,лIурлIа,"р, р",лIурлIол,лIурлIолIи,лIурлIолилIи,,,,
жужжать,зуннери,,,,,,,зуннир,зунниб
закрывать,рокъинну,,,,,,,рокъон,рокъон
игла,бежун,"б, б",бежумол,бежунолIи,бежумалIи,,,,
идти,релIери,,,,,,,релIи,релIи
идти,вуъинну,,,,,,"вуъон, йиъом, йоъомул, воъомул, буъом",вуъон,вуъом
капать,кIурдери,,,,,,,кIурдир,кIурдиб
клюв,кIол,"б, б",кIолибол,кIололIи,кIолибалIи,,,,
клюв,кIол,"б, б",кIолибол,кIололIи,кIолибалIи,,,,
кнут,чIартил,"р, р",чIартилол,чIартилулIи,чIартилалIи,,,,
колос,ора,"б, б",оробил,орулIи,оробалIи,,,,
корень,гьикьим,"б, б",гьикьимол,гьикьимулIи,гьикьималIи,,,,
легкое,хунсир,"б, б",хунсидул,хунсирулIи,хунсидалIи,,,,
лист,лъахиб,"р, р",лъахибол,лъахибулIи,лъахибалIи,,,,
лист,ъол,"р, р",ъолил,ъолуллIи,ъолилилIи,,,,
ломаться,бихъинну,,,,,,,бихъим,бихъим
луна,порцIи,"б, б",порцIадул,порцIилIи,порцIадалIи,,,,
мазать,бушери,,,,,,"бушери, рушери",бушо,бушо
масло,лIурлIа,"р, р",лIурлIол,лIурлIолIи,лIурлIолилIи,,,,
махать,хьваъунну,,,,,,,хьваъун,хьваъон
мед,гьунцIцIи,"р, р",гьунцIцIил,гьунцIцIилIи,гьунцIцIибалIи,,,,
место,миса,"б, б",мисал,мисаллIи,мисалилIи,,,,
молитва,ккубайдир,"р, р",ккуболийдирол,ккубайдирлIи,ккуболийдирлIи,,,,
мотыга,цел,"б, б",целадул,целуллIи,целадалIи,,,,
мягкий,лъуна,,,,,,,,
мякина,никку,"р, р",никкодул,никкулIи,никкодалIи,,,,
наперсток,цIцIекIа,"б, б",цIцIекIалъолол,цIцIекIалIи,цIцIекIалъолалIи,,,,
начинаться,байбихьунну,,,,,,,байбихьун,байбихьон
нитка,рекун,"р, р",рекумол,рекунолIи,рекумалIи,,,,
нюхать,шаншуннери,,,,,,,шаншунни,шаншунно
олово,гъалай,б,,гъалайлIи,,,,,
оставаться,беддери,,,,,,"веддо, йеддо, беддо",беддой,беддо
открываться,архинну,,,,,,архон,архон,
плевать,тудери,,,,,,,туди,тудо
понимать,бичIчIунну,,,,,,ричIчIунну,бичIчIун,бичIчIум
потолок,эркъал,"б, б",эркъалол,эркъалулIи,эркъалалIи,,,,
приходить,вуъери,,,,,,"вуъо, йиъо, воъол, йоъол",вуъо,вуъоб
прыгать,лъибери,,,,,,,лъиби,лъибиб
самец,кунтIа,"б, й",кунтIол,кунтIаллIи,кунтIолилIи,,,,
свистеть,щоммери,,,,,,,щоммий,щоммо
сито,сусукIу,"р, р",сусукIобил,сусукIулIи,сусукIобалIи,,,,
слушать,анччери,,,,,,,анччий,анччиб
сновидение,мокьи,"р, р",мокьалол,мокьилIи,мокьалалIи,,,,
сосок,кока,"б, б",кокобил,кокулIи,кокобалIи,,,,
соха,ребццу,"р, р",ребццодул,ребццодолIи,ребццодалIи,,,,
стирать,абчери,,,,,,,абчо,абчо
сухой,бекъуб,,,,,,рекъур,,
убивать,джабери,,,,,,,джаби,джабо
убивать,чIчIабери,,,,,,,чIчIаби,чIчIабо
умирать,вучIери,,,,,,"вучIо, вочIой",вучIо,вучIоб
хинкал,хинкIил,"б, б",хинкIилол,хинкIилулIи,хинкIилалIи,,,,
чихать,эбчунну,,,,,,,эбчунний,эбчум
шипеть,щоммери,,,,,,,щоммий,щоммо
шипеть,хьавдери,,,,,,,хьавди,хьавдиб
дверь,гьиᵸцIцIу,"р, р",гьиᵸцIцIобил,гьиᵸцIцIулIи,гьиᵸцIцIобалIи,,,,
кошка,геду,"б, й",гедобил,гедолIи,гедобалIи,,,,
мужчина,кунтIа,"б, й",кунтIол,кунтIаллIи,кунтIолилIи,,,,
трава,чIаха,"р, р",,чIахалIи,,,,,
ангел,малайки,"в, в",малайкол,малайкишуб,малайкабул,,,,
диван,диван,"б, б",дивамил,диванулIи,дивамалIол,,,,
копейка,кепекки,"б, б",кепекол,кепеккулIи,кепеккалIи,,,,
машина,машина,"б, б",машинобил,машинулIи,машинобалIи,,,,
намаз,ккубайдир,,ккуболийдирол,,,,,,
полоскать,чихамшери,,,,,,,чихамшо,чихамшо
пророк,авараг,в,,аварагишуб,,,,,
цыган,цигван,"в, в",цигвамадул,цигваншур,цигвамадар,,,,
школа,ушкул,"б, б",ушкулол,ушкулулIи,ушкулалIи,,,,
грузин,гуржи,"в, в",гуржийо,гуржийолув,гуржийолувшур,,,,
айва,хIаваъинчи,"б, б",хIаваъинчил,хIаваъинчиллIи,хIаваъинчилилIи,,,,
амулет,сабаб,"р, р",сабабол,сабабулIи,сабабалIи,,,,
арка,кIкIамур,"б, б",кIкIамурдул,кIкIамурулIи,кIкIамурдалIи,,,,
бегом,гьеллиб,,,,,,,,
беда,къинтIилъир,"р, р",къинтIилъирол,къинтIилъирлIи,къинтIилъиралIи,,,,
белить,гьацIайдери,,,,,,,гьацIайди,гьацIайдо
берег,рагьал,"б, б",рагьалдул,рагьалулIи,рагьалдалIи,,,,
боль,рукъур,"б, б",рукъурол,рукъурлIи,рукъуралIол,,,,
бородавка,гьиму,"р, р",гьимодул,гьимулIи,гьимодалIи,,,,
бороться,гугарунну,,,,,,,гугарун,гугарум
борьба,рахор,б,,рахорлIи,,,,,
ботва,маъа,"б, б",маъол,маъулIи,маъалIи,,,,
бочка,шалеги,"б, б",шалегобил,шалегулIи,шалегобалIи,,,,
брак,бертин,"б, б",бертимол,бертинулIи,бертималIи,,,,
бронза,йези,б,,йезилIи,,,,,
бубен,джергъин,"б, б",джергъемил,джергъинулIи,джергъемалIи,,,,
бутылка,шиша,"р, р",шишобил,шишулIи,шишобалIи,,,,
быть,бикIвери,,,,,,,бикIо,вукIоб
в позапрошлом году,ссебо,,,,,,,,
в руках,коду,,,,,,,,
в этом году,жерешина,,,,,,,,
ведро,челеки,"б, б",челекобил,челекулIи,челекобалIи,,,,
везде,инуккуъимало,,,,,,,,
веселый,рокIоъило,,,,,,,,
весы,килол,р,,,килолилIи,,,,
ветвь,анга,"р, р",ангибол,ангулIи,ангибалIи,,,,
ветхий,кьира,,,,,,,,
вещь,дан,"б, б",данол,данлIи,даналлIи,,,,
взаймы,налъохъи,,,,,,,,
взятка,ришвати,б,,ришватиллIи,,,,,
вишня,жигижаги,р,,жигижагиллIи,,,,,
вкус,тIагIам,"б, б",тIагIамил,тIагIамулIи,тIагIамалIи,,,,
воздух,гьава,б,,гьаваллIи,,,,,
войлок,гьургу,"б, б",гьоргодул,гьургулIи,гьоргодалIи,,,,
волдырь,пудил,"б, б",пудилол,пудилулIи,пудилалIи,,,,
ворчать,гъулгъудери,,,,,,,гъулгъудир,гъулгъудиб
воспитание,гIахълулъай,б,,гIахълулъайлIи,,,,,
восьмой,бейкьилдеб,,,,,,,,
вперед,сседи,,,,,,,,
впотьмах,ботIидохъи,,,,,,,,
вращаться,ссорери,,,,,,,ссори,ссориб
время,заман,б,,заманлIи,,,,,
время,ригьи,б,,ригьиллIи,,,,,
вспыльчивый,ххеххи,,,,,,,,
вторник,талати,,,,,,,,
выше,гьиъаъон,,,,,,,,
глоток,хъунхъу,,,,,,,,
глубина,ъудилъир,б,,ъудилъирлIи,,,,,
глупеть,ъабдаллъери,,,,,,,ъабдаллъий,ъабдаллъиб
голодный,чолтоб,,,,,,,,
готовиться,хIадурлъери,,,,,,,хIадурлъи,хIадурлъиб
грабить,бекъашери,,,,,,,бекъаши,бекъашо
грипп,гьонхъисси,,,,,,,,
двигаться,хьвадунну,,,,,,,хьвадунний,хьвадум
двигаться,велIери,,,,,,,велIо,велIиб
девятый,гьочIолдеб,,,,,,,,
действительно,вутIигу,,,,,,"йитIигу, битIигу",,
делить,чIерлIери,,,,,,,чIерлIи,чIерлIо
дикий,алхулIи,,,,,,,,
длина,реххула,б,буххулол,,,,"беххула, реххула",,
добро,рецци,б,,,,,,,
довольный,рази,,,,,,,,
долгий,реххула,,,,,,беххула,,
дома,ишу,,,,,иша ишадахъи (все по домам),,,
дорожать,хиралъери,,,,,,,хиралъи,хирайдо :( *хиралло
достоверный,лIучIчIи,,,,,,,,
дракон,аздагьу,"б, й",аздагьобил,аздагьулIи,аздагьобалIи,,,,
древесина,лъуди,"б, б",лъудол,лъудиллIи,лъудалIи,,,,
дремать,чIабери,,,,,,,чIаби,чIабиб
дробь,чечма,"б, б",чечмал,чечмаллIи,чечмалилIи,,,,
дыхание,шанкьаннир,б,,шанкьаннирлIи,,,,,
дыхание,хIухьал,"б, б",хIухьалол,хIухьалулIи,хIухьалалIи,,,,
дятел,кIутIкIутI,"б, й",кIутIкIутIол,кIутIкIутIиллIи,кIутIкIутIалIи,,,,
еда,мугьу,"б, б",мугьодул,мугьулIи,мугьодалIи,,,,
ежедневно,зубулIи,,,,,,,,
еще,гьинджелло,,,,,,,,
еще,себгуло,,,,,,,,
жало,ъвен,"б, б",ъвенибол,ъвенулIи,ъвенибалIи,,,,
желание,муради,"б, б",мурадол,мурадиллIи,мурадалIи,,,,
желтеть,чаккулъери,,,,,,,чаккулъий,чаккулъиб
женский,йошулилIи,,,,,,,,
журавль,решинолIи къурру,,решинолIи къуррол,решинолIи къурролIи,решинолIи къурралIи,,,,
завещание,васийат,"б, б",васийатол,васийатиллIи,васийаталIи,,,,
завидный,севлеху,,,,,,,,
завтрашний,шеласси,,,,,,,,
загон,гъадил,"б, б",гъадилол,гъадилулIи,гъадилолалIи,,,,
задача,масъала,"б, б",масъалобил,масъалулIи,масъалобалIи,,,,
запрет,хIарам,"б, б",хIарамол,хIарамулIи,хIарамалIол,,,,
засыпать,кьихинну,,,,,,,кьихон,кьихом
защищать,цIеннери,,,,,,,цIенний,цIенно
заявление,арзи,"б, б",арзил,арзиллIи,арзилилIи,,,,
звонок,зарзал,"р, р",зарзалол,зарзалулIи,зарзалалIи,,,,
здоровье,сагъилъир,"б, б",сагъилъирол,сагъилъирлIи,сагъоллъиралIи,,,,
зеленеть,хвечилъери,,,,,,,хвечилъий,хвечилъиб
зрение,гьалли,"р, р",гьаллил,гьаллиллIи,гьаллилилIи,,,,
зурна,зумура,"б, б",зумурдул,зумурулIи,зумурдалIи,,,,
игра,гидал,"б, б",гидалол,гидалулIи,гидалалIо,,,,
избалованный,лъака,,,,,,,,
известь,гачи,"б, б",гачил,гачилIи,гачилилIи,,,,
изнутри,гьинукку,,,,,,,,
изобильный,гьарза,"б, б",гьарзол,гьарзалIи,гьарзолилIи,,,,
изредка,нагвагьи,,,,,,,,
изъян,гъайа,,,,,,,,
или,йа,,,,,,,,
имам,дибир,"в, в",дибирадул,дибиршур,дибирадарул,,,,
индюк,гургул,"б, й",гургулол,гургулулIи,гургулалIи,,,,
истинный,гьакъаб,,,,,,,,
каблук,мижа,"б, б",мижалол,мижалулIи,мижалалIи,,,,
казак,хъазахъи,"в, в",хъазахъол,хъазахъишур,хъазахъарул,,,,
как угодно,чIорохъий,,,,,,,,
как угодно,чIобкьо,,,,,,,,
калитка,гъалир,"б, б",гъалирдул,гъалирдолIи,гъалирдалIол,,,,
камедь,сино,"р, р",синол,синолIи,синолилIи,,,,
канава,рохъи,"б, б",рохъадул,рохъиллIи,рохъадалIи,,,,
картофель,картуш,"б, б",картушол,картушулIи,картушалIи,,,,
каша,кощи,"р, р",кощил,кощилIи,кощилилIи,,,,
клевета,бутан,"р, р",бутамил,бутанулIи,бутамалIи,,,,
клейстер,шилиш,"р, р",шилишол,шилишулIи,шилишалIи,,,,
когда-нибудь,инналъиболло,,,,,,,,
коридор,калидур,"б, б",калидурол,калидурулIи,калидуралIи,,,,
крепость,хъала,"б, б",хъалибол,хъалаллIи,хъалибалIи,,,,
крошка,чIичIихъил,"б, б",чIичIихъилол,чIичIихъилулIи,чIичIихъилалIи,,,,
кружка,гурушка,"б, б",гурушкобил,гурушкулIи,гурушкобалIи,,,,
кто,им,,,,,,,,
куда-нибудь,ивагу вукIоболло,,,,,,ийагу йикIоболло,,
кудахтать,къудери,,,,,,,къудир,къудиб
кузнец,ихум,"в, в",ихумадул,ихумшур,ихумадарул,,,,
курить,кьаннери,,,,,,,кьаннир,кьанно
куча,гъун,"б, б",гъунадул,гъунлIи,гъунадалIи,,,,
левша,кучIилъасси,,,,,,,,
лемех,къеб,"б, б",къебадул,къеболIи,къебадалIи,,,,
летом,къина,,,,,,,,
линия,михъур,"б, б",михъурдул,михъурулIи,михъурдалIи,,,,
лишний,ъекIу,,,,,,,,
лом,тупанги,,,,,,,,
лопаться,кьвагьунну,,,,,,,кьвагьун,кьвагьум
лучина,мигу,"б, б",мигодул,мигулIи,мигодалIи,,,,
любимый,ххира,,,,,,,,
любой,бокьарав,,,,,,бокьарай,,
маслобойка,кверу,"б, б",квердобил,квердолIи,квердобалIи,,,,
матрац,бешен,"б, б",бешемил,бешенлIи,бешемалIи,бешенъа,,,
медлительный,илIохъи,,,,,,,,
метла,лIарлIал,"б, б",лIарлIалол,лIарлIаллIи,лIарлIалалIи,,,,
мешочек,таргьа,"б, б",таргьибол,таргьулIи,таргьибалIи,,,,
мигать,къабшунну,,,,,,,къабшун,къабшум
минарет,миъмар,"б, б",миъмарол,миъмарулIи,миъмаралIи,,,,
минута,минута,"б, б",минутол,минутиллIи,минуталIи,,,,
мириться,рокъери,,,,,,,рокъий,рокъиб
моргать,къабшунну,,,,,,,къабщун,къабшум
морковь,маматIур,"б, б",маматIурол,маматIурулIи,маматIуралIи,,,,
мочевой пузырь,покъу,"б, б",покъудул,покъудолIи,покъудалIи,,,,
мудрец,цIудур,,,,,,,,
мулла,дибир,"в, в",дибирадул,дибиршур,дибирадарул,,,,
мутный,аргъван,,,,,,,,
мысль,пикру,"б, б",пикродул,пикруллIи,пикрудалIи,,,,
наверху,гьиъа,,,,,,,,
надевать,бикьинну,,,,,,,бикьин,бикьон
надежда,хьул,"б, б",хьуладул,,хьуладалIи,,,,
напильник,чирон,"б, б",чиромил,чиронлIи,чиромалIи,,,,
напоказ,гьаъери,,,,,,,,
напрасно,адада,,,,,,,,
насилие,зулму,"б, б",зулмодул,зулмулIи,зулмодалIи,,,,
настоящий,битIибиши,,,,,,,,
нетель,чIора,"в, й",чIоробил,чоролIи,чIоробалIи,,,,
неужели,гьугъибахъиле,,,,,,,,
никак,себгуло хъибъа,,,,,,,,
никогда,онщигуло,,,,,,,,
ничего,тIирилоссу,,,,,,,,
ничего,себгуло,,,,,,,,
нора,багин,"б, б",багимол,багинулIи,багималIи,,,,
нужда,гьаджатилъир,,,,,,,,
обезьяна,маймалаки,,,,,,,,
обжора,кIункIул,"в, в",кIункIулол,кIункIулшур,кIункIулолуб,,,,
огурец,охцер,"б, б",охцердул,охцерулIи,охцердалIи,,,,
ответ,джаваб,"б, б",джавабол,джавабулIи,джавабалIи,,,,
отдельно,батIа,,,,,,,,
откуда,инуккусси,,,,,,,,
офицер,апицер,"в, в",апицерадул,апицершур,апицерадар,,,,
оценка,къиммати,,,,,,,,
пазуха,инлъир,,,,,,,,
пальто,палту,"б, б",палтодул,палтудолIи,палтодалIи,,,,
папироса,хъалийан,"б, б",хъалийамил,хъалийанулIи,хъалийамалIи,,,,
переворачивать,ссороллу,,,,,,,ссоролъи,ссоролло
перец,пурч,б,,пурчилIи,,,,,
плавить,буцIоллу,,,,,,руцIоллу,буцIолъи,буцIолло
плита,къуну,"р, р",къунибол,къунуллIи,къунибалIи,,,,
плов,пулав,б,,пулавлIи,,,,,
плотник,устар,"в, в",устарадул,устаршур,устарадарул,,,,
по-другому,себлолхъиба,,,,,,,,
под,гьикьу,,,,,,,,
подниматься,гьевцIери,,,,,,"гьейцIери, гьебцIери",гьевцIи,гьевцIиб
подпруга,къвал,"б, б",къвалил,къвалуллIи,къвалилилIи,,,,
подряд,бехудусседу,,,,,,,,
поздно,кватIунну,,,,,,,,
позор,сули,,,,,,,,
позор,инзил,"б, б",инзилол,инзилулIи,инзилалIи,,,,
полезный,мунпаъати,,,,,,,,
полночь,рокьирелъол,,,,,,,,
полотенце,рокьучул,"р, р",рокьучулол,рокьучулулIи,рокьучулалIи,,,,
полоть,хварери,,,,,,,хвари,хваро
помощь,кумеки,"б, б",кумекол,кумекиллIи,кумекалIи,,,,
понедельник,итни зубу,,,,,,,,
попрошайка,хохол,"в, в; й, й",хохоладул,хохолшур; хохоллIи,"хохоладар, хохоладалIи",,,,
порох,чIир,б,,чIирлIи,,,,,
портить,бичIоллу,,,,,,ричIоллу,бичIолъи,бичIолло
портиться,бичIери,,,,,,ричIой,бичIой,бичIоб
поручение,молъи,"р, р",молъалол,молъиллIи,молъалалIи,,,,
посторонний,гьекIуб,,,,,,,,
почему,"ил.ъо, иллъий",,,,,,,,
почерк,хатIи,р,,хатIиллIи,,,,,
правитель,хIаким,"в, в",,,,,,,
правительство,хIукумати,"б, б",хIукуматол,хIукуматиллIи,хIукуматалIол,,,,
прежний,нукIвалсси,,,,,,,,
приглашать,къорери вуъон (звать прийти),,,,,,,,
пригоршня,лъумур,"б, б",лъумурдул,"лъумурлIи, лъумурулIи",лъумурдалIол,,,,
пример,мисал,б,,мисалалIи,,,,,
приоткрывать,ручIонно,,,,,,,бучIонний,бучIонно
природа,тIабигIат,,,,,,,,
прицел,ишан,б,,,,,,,
проголодаться,чолтери,,,,,,,чолто,чолтоб
проповедь,ваъаза,"б, б",ваъазал,ваъазаллIи,,,,,
простор,атIилъи,,,,,,,,
прочный,бещийа,,,,,,рещийа,,
прошлогодний,собсси,,,,,,,,
пузыриться,пулхуннери,,,,,,,пулхунний,пулхум
пушка,арада,"б, б",арадобил,арадулIи,арадобалIи,,,,
пьянеть,вегулъери,,,,,,,вегулъиб,вегулъиб
пятно,тIанкил,"б, б",тIанкилол,тIанкилулIи,тIанкилалIи,,,,
пятьсот,ишду бешенегу,,,,,,,,
раз,микъи,,,,,,,,
разговор,реддон,"р, р",реддомил,реддонулIи,реддомалIи,,,,
размышление,пикру,"б, б",пикродул,пикруллIи,пикрудалIи,,,,
разница,батIалъир,б,,батIалъирлIи,,,,,
разрешение,изну,б,,,,,,,
рай,алджан,,,,,,,,
ранение,къиралъий,,,,,,,,
рассвет,кванлъир,,,,,,,,
рассол,цIонтур,,,,,,,,
расстояние,манзил,"б, б",манзилол (?),манзилулIи,манзилалIи,,,,
ревновать,щаки,,,,,,,щакиб,щаком
редкий,мичIчIиру,,,,,,,,
результат,хIассил,"б, б",хIассилол,хIассилулIи,хIассилалIи,,,,
решение,хIукму,"б, б",хIукмодул,хIукмуллIи,хIукмодалIи,,,,
ржавчина,кьаву,"б, б",кьаводул,кьавулIи,кьаводалIи,,,,
родинка,гьиму,"р, р",гьимодул,гьимулIи,гьимодалIи,,,,
ронять,буколлу,,,,,,"йуколлу, вуколлу, йукIоллу, вукIоллу",буколъий,буколло
рубанок,ссургу,"б, б",ссургодул,ссургулIи,ссургодалIи,,,,
сад,охи,"р, р",охил,охилIи,охилалIи,,,,
сапоги,чакмай,"б, б",чакмайол,чакмайулIи,чакмайалIи,,,,
сбивать,букIолу,,,,,,"рукIолло, вукIолло, йукIолло",букIолъи,букIолло
сбор,мишу,б,,,,,,,
свекла,чIабкIулди,"б, б",чIабкIулдол,чIабкIулдулIи,чIабкIулдалIи,,,,
сверху,"гьиъакку, лъобакку",,,,,,,,
светать,кванлъери,,,,,,,кванлъий,кванлъиб
седеть,гьацIалъери,,,,,,,гьацIалъи,гьацIалъиб
сердцевина,рокIо,"р, р",рокIол,рокIоллIи,рокIолилIи,,,,
ситец,чит,р,,читиллIи,,,,,
складывать,ролъери,,,,,,,ролъо,ролъо
скоблить,хъеллери,,,,,,,хъелли,хъелло
скользкий,чIчIари,,,,,,,,
скорлупа,хъал,б,хъалил,хъалуллIи,хъалилилIи,,,,
слепнуть,ботIилъери,,,,,,,ботIилъи,ботIилъиб
слишком,бигьу,,,,,,"бигьу, ригьу, йигьу",,
слушаться,кантIунери,,,,,,,,
смысл,анччери,,,,,,,анччий,анччиб
соболезнование,зигара,б,зигардул,зигаралIи,зигардалIи,,,,
согласие,разилъир,б,,разилъирлIи,,,,,
соглашаться,разилъери,,,,,,,разилъий,разилъери вуккуйа
сода,суда,б,,судаллIи,судалIол,,,,
сорт,тайпа,"б, б",тайпал,тайпаллIи,тайпалилIи,,,,
состояние,хIал,б,,,,,,,
спешить,эдеъунну,,,,,,,эдеъун,эдеъум
спешить,ххеххери,,,,,,,ххеххи,ххеххилъиб
спокойно,параъати,,,,,,,,
спокойно,сабрулъа,,,,,,,,
спорить,даъбадунну,,,,,,,даъбадунний,даъбадум
способность,гьунар,"б, б",гьунардул,гьунарулIи,гьунардалIи,,,,
средний,вокьусси,,,,,,"йокьусси, бокьусси, рокьусси",,
ссора,питна,"р, р",питнал,питналлIи,питналилIи,,,,
ссора,гъалмагъар,б,,гъалмагъарлIи,,,,,
сталь,чирон,б,,чиронлIи,,,,,
стареть,вохорлъерий,,,,,,"йохорлъи, бохорлъи,",вохорлъи,вохорлъиб
столб,гьума,"б, б",гьумадол,гьумаллIи,гьумадалIи,,,,
столица,тахшагьар,б,,,,,,,
стон,зигара,б,зигардул,зигаралIи,зигардалIи,,,,
строка,михъур,"б, б",михъурдул,михъурулIи,михъурдалIи,,,,
стучать,кIутIишери,,,,,,,кIутIишо,кIутIишо
частое сердцебиение,тIваркIишери,р,,тIваркIиллIи,,,,,
суп,чорпа,б,чорпал,чорпаллIи,чорпалилIи,,,,
сустав,ричIин,"р, р",ричIимол,ричIинулIи,ричIималIи,,,,
сырой,ъанниб,,,,,,,,
тайна,къеча,б,,къечалилIи,,,,,
тайный,къеча,,,,,,,,
терпеливый,сабрулойсси,,,,,,,,
тесный,къинтIи,,,,,,,,
ткань,хам,"б, б",хамил,хамлIи,хамилилIи,,,,
толстяк,вуши,,,,,,"вуши, биши, йиши, вушол, йишол",,
толщина,бишилъир,б,,,,,ришилъир,,
топтать,берхьунну,,,,,,,берхьун,берхьон
торговля,дарам,"б, б",дарамил,дарамлIи,,,,,
точка,тIанкIил,"р, р",тIанкIилол,тIанкIилулIи,тIанкIилалIи,,,,
точно,битIи,,,,,,,,
точно,дуруси,,,,,,,,
тощий,хъелла,,,,,,,,
требование,тIалаб,"б, б",тIалабил,,,,,,
трескаться,кьватIунний,,,,,,,кьватIун,кьватIунолло
третий,лъобдеб,,,,,,,,
трость,ъанса,"р, р",ъансибол,ъансулIи,ъансибалIи,,,,
трусливый,ццуццул,,,,,,,,
тыква,держикIа,"б, б",держикIол,держикIулIи,держикIалIи,,,,
тюбетейка,писи,"б, б",писил,писиллIи,писиллIи,,,,
головной убор,такъийа,б,,такъийулIи,,,,,
тяжелеть,гьокIорулъир,,,,,,,гьокIорулъи,гьокIорулъиб
уважение,адаб,б,,адаблIи,,,,,
удивление,тамашалъир,,,,,,,,
если удобно (наречие),санаъалъир,,,,,,,,
удод,гьобгьоб,"б, б",гьобгьобол,гьобгьоблIи,гьобгьобалIи,,,,
унижать,гьакъийдери,,,,,,,гьакъийдий,гьакъийдо
урок,дарсси,"б, б",дарссил,дарссиллIи,дарссилилIи,,,,
утварь,къай,"б, б",къайил,къайлIи,къайилилIи,,,,
ученый,гIалим,"в, в; й, й",гIалимадул,"гIалимшув, гIалимлIи",гIалимадалIи,,,,
учить,цIиннолъир,,,,,,,цIиннолъи,цIиннолло
характер,ъамал,"б, б",ъамалол,ъамалалIи,ъамалалIи,,,,
хитрый,ссихIир,,,,,,,,
холера,вабаъи,б,,,,,,,
хорошо,шуб,,,,,,"шуб, шур, шуй",,
хутор,кули,"б, б",кулил,кулиллIи,,,,,
цвет,босо,"б, б",босол,,,,,,
чавкание,лъобкIи,,,,,,,,
часы,саъати,"б, б",саъатобил,саъатулIи,саъатобалIи,,,,
четверг,хамизи,р,хамиз зубодул,,,,,,
чистота,рерцIцIомлъир,р,,рерцIцIомлъирлIи,,,берцIцIомлъир,,
чтение,баъир,б,,баъирлIи,,,,,
чудо,гIаламати,б,гIаламатол,гIаламатилIи,,,,,
шевелить,бергъоллу,,,,,,рергъоллу,бергъолIи,бергъолло
шерсть,михи,р,,михилIи,,,,,
шест,мокъи,"б, б",мокъадул,мокъилIи,мокъадалIи,,,,
шестой,ойлIидеб,,,,,,,,
шестьдесят,ойлIицIолгу,,,,,,,,
шкура,цIцIуку,"б, б",цIцIукодул,цIцIукудолIи,цIцIукодалIи,,,,
шкура,хуча,"р, р",хучол,хучулIи,хучодалIи,,,,
шоссе,шагьара,,,,,,,,
штраф,гьакIа,"б, б",гьакIал,гьакIалIи,,,,,
шуба,бишо,"б, б",бишодул,бишоллIи,бишодалIи,,,,
шутка,масхара,"б, б",масхардул,масхарулIи,масхардалIи,,,,
щекотать,куликонну,,,,,,,куликонлъи,куликонно
щипцы,хуцIу,"б, б",хуцIодул,хуцIулIи,хуцIодул,,,,
ягодица,беххиркъил,"б, б",беххиркъилол,беххиркъилулIи,беххиркъилалIи,,,,
яичница,хайген,"б, б",,хайгенлIи,,,,,
ясность,байан,,,,,,,,
бабушка,ила,,,,,,,,
веревка,рошон,"р, р",рошомил,рошонулIи,рошомалIи,,,,
вор,лъомидо,,,,,,,,
где,ину,,,,,,,,
гладкий,ламмиб,,,,,,,,
гость,цIцIи,"в, в; й, й",цIцIил,"цIцIишув, цIцIиллIи",цIцIелувул,,,,
гриб,хорошашуб авъара,"б, б",хорошашубул авъардул,хорошашуб авъарулIи,хорошашубул авъардалIи,,,,
долго,бигьу заман,,,,,,,,
думать,ургъум,,,,,,,ургъун,ургъум
еж,ужрукъи,"б, й",ужрукъол,ужрукъулIи,ужрукъалIи,,,,
жениться,йошикIва йичинно,,,,,,,йошикIва йичон,йошикIва йичом
жила,щекIи,"б, б",щекIил,щекIилл1и,щекIилил1и,,,,
зажигать,биколлу,,,,,,риколлу,биколъи,биколло
запах,шан,"б, б",шанил,шанлIи,шанилилIи,,,,
звать,къорир,,,,,,,къори,къоро
земля,онши,б,,оншилIи,,,,,
земля,онши,б,,оншилIи,,,,,
кабан,хунтIа,"б, й",хунтIил,хунтIул1и,хунтIил1и,,,,
кол,хIахъум,"б, б",хIахъумол,хIахъумул1и,хIахъумал1и,,,,
кора,хъал,"б, б",хъалил,хъалулIи,хъалилилIи,,,,
косточка,гага,б,,гагулIи,,,,,
куст,хъарахъи,"б, б",хъарахъол,хъарахъулIи,хъарахъалIи,,,,
лечить,сагъийдери,,,,,,,сагъийди,сагъийдо
мята,инцциртIа,р,,инцциртIал1и,,,,,
находить,бисонну,,,,,,,бисон,бисонно
не,ссу,,,,,,,,
ноша,къай,б,,къайлIи,,,,,
обманывать,гуккунну,,,,,,,гуккун,гуккон
огород,чIадил,"б, б",чIадилол,чIадилл1и,чIадилал1и,,,,
отнимать,бухери,,,,,,"рухери, вухери, йихери, вохери, йохери, бохери",,
перхоть,къара,б,,къаралIи,,,,,
петь,къорери,,,,,,,къори,къоро
пить,цIц1адери,,,,,,,цIц1ади,цIц1адо
поднимать,гьебцIоллу,,,,,,,гьебцIоллъи,гьебцIолло
пол,гьоъор,б,,гьоъорлIи,,,,,
полдень,лъал,б,,лъаллIи,,,,,
половник,гама,б,,гамулIи,,,,,
последний,вехудивасси,,,,,,"Йехудийасси, бехудибасси, рехудирасси, вохудивассол, йехудийассол, бехудибассол, рехудирассол,",,
пот,гьанъо,"б, б",,гьанъолIи,,,,,
пьяный,вегулъий,,,,,,"бегулъий, йегулъий",,
равнина,байдан,"б, б",байдамил,байданулIи,байдамалIи,,,,
радуга,соруди йошиква йичонний,,,,,,,,
рожать,мочIи джидери,,,,,,,,
рубить,ароллу,,,,,,,аролъи,аролло
ругать,вейхъвери,,,,,,,вейхъу,вейхъуб
садиться,гьовкIвери,,,,,,,,
холм,гъижи,"б, б",гъижадул,гъижилIи,гъижадалIи,гъижиъа,,,
жадный,къинниб,,,,,,,,
имущество,реси,б,,,,,,,
теща,илакьору,"й, й",илакьордобил,илакьорулIи,илакьордобалIи,,,,
молиться,ккубайдери,,,,,,,ккубайди,ккубайдиб
разбойник,хъачагъи,"в, в; й, й",хъачагъол,"хъачагъиллIи, хъачагъишуй","хъачагъавул, хъачагъалIол",,,,
заикание,бабадир,,,,,,,,
перемирие,рокъир,"б, б",рокъирол,рокъирлIи,рокъиролIи,,,,
домой,ищива,,,,,,,,
поскользнуться,чIчIарери,,,,,,,чIчIари,чIчIариб
на улице,гьонхъи,,,,,,,,
на улице,къатIила,,,,,,,,
